Date,vix
31-12-2024,14.44999981
30-12-2024,13.97000027
27-12-2024,13.23999977
26-12-2024,14.03999996
24-12-2024,13.18000031
23-12-2024,13.52000046
20-12-2024,15.06999969
19-12-2024,14.51000023
18-12-2024,14.36999989
17-12-2024,14.48999977
16-12-2024,14.02000046
13-12-2024,13.05000019
12-12-2024,13.18999958
11-12-2024,13.27000046
10-12-2024,13.77999973
09-12-2024,14.10999966
06-12-2024,14.14000034
05-12-2024,14.52999973
04-12-2024,14.44999981
03-12-2024,14.36999989
02-12-2024,14.69999981
29-11-2024,14.43000031
28-11-2024,15.21000004
27-11-2024,14.63000011
26-11-2024,15.31000042
25-11-2024,15.30000019
22-11-2024,16.10000038
21-11-2024,15.98999977
19-11-2024,15.65999985
18-11-2024,15.17000008
14-11-2024,14.77999973
13-11-2024,15.43999958
12-11-2024,14.59000015
11-11-2024,14.27000046
08-11-2024,14.47000027
07-11-2024,14.93999958
06-11-2024,14.86999989
05-11-2024,16.12000084
04-11-2024,16.69000053
01-11-2024,15.89999962
31-10-2024,15.55000019
30-10-2024,15.51000023
29-10-2024,14.52000046
28-10-2024,14.28999996
25-10-2024,14.63000011
24-10-2024,13.97000027
23-10-2024,14.61999989
22-10-2024,14.39999962
21-10-2024,13.76000023
18-10-2024,13.03999996
17-10-2024,13.39000034
16-10-2024,13.05000019
15-10-2024,13
14-10-2024,13
11-10-2024,13.22000027
10-10-2024,13.5
09-10-2024,14.11999989
08-10-2024,14.59000015
07-10-2024,15.07999992
04-10-2024,14.13000011
03-10-2024,13.17000008
01-10-2024,11.98999977
30-09-2024,12.78999996
27-09-2024,11.96000004
26-09-2024,12
25-09-2024,12.73999977
24-09-2024,13.39000034
23-09-2024,13.78999996
20-09-2024,12.78999996
19-09-2024,12.47000027
18-09-2024,13.36999989
17-09-2024,12.59000015
16-09-2024,12.46000004
13-09-2024,12.55000019
12-09-2024,13.18000031
11-09-2024,13.63000011
10-09-2024,13.35999966
09-09-2024,14.23999977
06-09-2024,15.22000027
05-09-2024,14.21000004
04-09-2024,14.38000011
03-09-2024,13.84000015
02-09-2024,14.06000042
30-08-2024,13.39000034
29-08-2024,13.78999996
28-08-2024,13.94999981
27-08-2024,13.63000011
26-08-2024,13.80000019
23-08-2024,13.55000019
22-08-2024,13
21-08-2024,13.32999992
20-08-2024,13.81999969
19-08-2024,14.31999969
16-08-2024,14.39999962
14-08-2024,15.43999958
13-08-2024,16.17000008
12-08-2024,15.86999989
09-08-2024,15.34000015
08-08-2024,16.60000038
07-08-2024,16.17000008
06-08-2024,18.73999977
05-08-2024,20.37000084
02-08-2024,14.31999969
01-08-2024,12.93000031
31-07-2024,13.25
30-07-2024,12.88000011
29-07-2024,12.94999981
26-07-2024,12.25
25-07-2024,12.61999989
24-07-2024,11.76000023
23-07-2024,12.75
22-07-2024,15.43999958
19-07-2024,14.82999992
18-07-2024,14.51000023
16-07-2024,14.22000027
15-07-2024,14.18999958
12-07-2024,13.72999954
11-07-2024,14
10-07-2024,14.43000031
09-07-2024,14.27999973
08-07-2024,13.60000038
05-07-2024,12.69999981
04-07-2024,12.85999966
03-07-2024,13.21000004
02-07-2024,13.64000034
01-07-2024,13.82999992
28-06-2024,13.80000019
27-06-2024,14.14999962
26-06-2024,14.05000019
25-06-2024,14.31000042
24-06-2024,14.06000042
21-06-2024,13.18000031
20-06-2024,13.35000038
19-06-2024,13.71000004
18-06-2024,12.97000027
14-06-2024,12.81999969
13-06-2024,13.48999977
12-06-2024,14.39000034
11-06-2024,14.77000046
10-06-2024,16.39999962
07-06-2024,16.87999916
06-06-2024,16.79999924
05-06-2024,18.88999939
04-06-2024,26.75
03-06-2024,20.94000053
31-05-2024,24.60000038
30-05-2024,24.18000031
29-05-2024,24.18000031
28-05-2024,24.20000076
27-05-2024,23.19000053
24-05-2024,21.70999908
23-05-2024,21.37999916
22-05-2024,21.46999931
21-05-2024,21.80999947
17-05-2024,19.79999924
16-05-2024,20
15-05-2024,20.27000046
14-05-2024,20.20000076
13-05-2024,20.60000038
10-05-2024,18.46999931
09-05-2024,18.20000076
08-05-2024,17.07999992
07-05-2024,17.01000023
06-05-2024,16.60000038
03-05-2024,14.61999989
02-05-2024,13.44999981
30-04-2024,12.86999989
29-04-2024,12.23999977
26-04-2024,10.93000031
25-04-2024,10.72999954
24-04-2024,10.27999973
23-04-2024,10.19999981
22-04-2024,12.69999981
19-04-2024,13.46000004
18-04-2024,13.03999996
16-04-2024,12.61999989
15-04-2024,12.47000027
12-04-2024,11.52999973
10-04-2024,11.10999966
09-04-2024,11.35999966
08-04-2024,11.60999966
05-04-2024,11.34000015
04-04-2024,11.22000027
03-04-2024,11.36999989
02-04-2024,11.64999962
01-04-2024,12.07999992
28-03-2024,12.82999992
27-03-2024,12.69999981
26-03-2024,12.81999969
22-03-2024,12.22000027
21-03-2024,12.51000023
20-03-2024,13.47000027
19-03-2024,14.10999966
18-03-2024,13.89999962
15-03-2024,13.68999958
14-03-2024,13.61999989
13-03-2024,14.43000031
12-03-2024,13.64000034
11-03-2024,14
07-03-2024,13.60999966
06-03-2024,14.30000019
05-03-2024,14.38000011
04-03-2024,14.92000008
01-03-2024,15.23999977
29-02-2024,15.56999969
28-02-2024,16.32999992
27-02-2024,15.72999954
26-02-2024,15.60000038
23-02-2024,14.97000027
22-02-2024,15.19999981
21-02-2024,15.93000031
20-02-2024,16.06999969
16-02-2024,15.22000027
15-02-2024,15.22999954
14-02-2024,15.43999958
13-02-2024,15.81000042
12-02-2024,16.05999947
09-02-2024,15.44999981
08-02-2024,15.82999992
07-02-2024,15.51000023
06-02-2024,15.78999996
05-02-2024,15.61999989
02-02-2024,14.69999981
01-02-2024,14.46000004
31-01-2024,16.04999924
30-01-2024,16.10000038
29-01-2024,15.68000031
25-01-2024,13.86999989
24-01-2024,14.38000011
23-01-2024,14.85000038
19-01-2024,13.88000011
18-01-2024,14.06999969
17-01-2024,15.07999992
16-01-2024,13.56999969
15-01-2024,13.78999996
12-01-2024,13.10000038
11-01-2024,12.77000046
10-01-2024,12.97000027
09-01-2024,13.26000023
08-01-2024,13.46000004
05-01-2024,12.63000011
04-01-2024,13.32999992
03-01-2024,14.10000038
02-01-2024,14.57999992
29-12-2023,14.5
28-12-2023,15.14000034
27-12-2023,15.56000042
26-12-2023,14.68000031
22-12-2023,13.71000004
21-12-2023,13.76000023
20-12-2023,14.44999981
19-12-2023,13.86999989
18-12-2023,13.89999962
15-12-2023,13.13000011
14-12-2023,12.31999969
13-12-2023,12.06999969
12-12-2023,12.71000004
11-12-2023,12.76000023
08-12-2023,12.47000027
07-12-2023,12.67000008
06-12-2023,13.73999977
05-12-2023,13.46000004
04-12-2023,12.98999977
01-12-2023,12.38000011
30-11-2023,12.68999958
29-11-2023,12.71000004
28-11-2023,12.18000031
24-11-2023,11.32999992
23-11-2023,11.31999969
22-11-2023,11.86999989
21-11-2023,12.22999954
20-11-2023,12.14999962
17-11-2023,11.82999992
16-11-2023,11.64999962
15-11-2023,11.14000034
13-11-2023,11.18999958
10-11-2023,11.10999966
09-11-2023,10.97999954
08-11-2023,11.03999996
07-11-2023,11.18999958
06-11-2023,11.10999966
03-11-2023,10.88000011
02-11-2023,11.07999992
01-11-2023,12.05000019
31-10-2023,11.82999992
30-10-2023,11.48999977
27-10-2023,10.90999985
26-10-2023,11.72999954
25-10-2023,11.31000042
23-10-2023,10.90999985
20-10-2023,10.81999969
19-10-2023,10.89999962
18-10-2023,10.97000027
17-10-2023,10.69999981
16-10-2023,11.06999969
13-10-2023,10.61999989
12-10-2023,10.61999989
11-10-2023,10.98999977
10-10-2023,11.27000046
09-10-2023,11.39999962
06-10-2023,10.30000019
05-10-2023,10.93999958
04-10-2023,11.65999985
03-10-2023,11.78999996
29-09-2023,11.44999981
28-09-2023,12.81999969
27-09-2023,11.59000015
26-09-2023,11.18999958
25-09-2023,10.89999962
22-09-2023,10.65999985
21-09-2023,10.81999969
20-09-2023,11.13000011
18-09-2023,10.84000015
15-09-2023,10.89999962
14-09-2023,11.31999969
13-09-2023,11.82999992
12-09-2023,11.68999958
11-09-2023,11.35000038
08-09-2023,10.77999973
07-09-2023,10.86999989
06-09-2023,10.68000031
05-09-2023,10.81999969
04-09-2023,10.96000004
01-09-2023,11.36999989
31-08-2023,12.06000042
30-08-2023,11.80000019
29-08-2023,12.22999954
28-08-2023,12.39999962
25-08-2023,12.07999992
24-08-2023,11.69999981
23-08-2023,11.72999954
22-08-2023,11.75
21-08-2023,11.96000004
18-08-2023,12.14000034
17-08-2023,12.23999977
16-08-2023,12.13000011
14-08-2023,12
11-08-2023,11.52000046
10-08-2023,11.39999962
09-08-2023,11.14000034
08-08-2023,11.32999992
07-08-2023,11.10000038
04-08-2023,10.56999969
03-08-2023,11.18999958
02-08-2023,11.27999973
01-08-2023,10.27999973
31-07-2023,10.40999985
28-07-2023,10.14000034
27-07-2023,10.51000023
26-07-2023,10.46000004
25-07-2023,10.23999977
24-07-2023,11.64999962
21-07-2023,11.48999977
20-07-2023,11.78999996
19-07-2023,11.60000038
18-07-2023,11.71000004
17-07-2023,11.31999969
14-07-2023,10.68000031
13-07-2023,10.93999958
12-07-2023,10.93999958
11-07-2023,11.01000023
10-07-2023,11.46000004
07-07-2023,11.52999973
06-07-2023,11.84000015
05-07-2023,11.88000011
04-07-2023,11.69999981
03-07-2023,11.53999996
30-06-2023,10.80000019
28-06-2023,10.89000034
27-06-2023,10.77999973
26-06-2023,11.39999962
23-06-2023,11.23999977
22-06-2023,11.55000019
21-06-2023,11.28999996
20-06-2023,11.13000011
19-06-2023,11.22999954
16-06-2023,10.84000015
15-06-2023,11.07999992
14-06-2023,11.15999985
13-06-2023,11.10999966
12-06-2023,11.25
09-06-2023,11.11999989
08-06-2023,11.26000023
07-06-2023,11.43999958
06-06-2023,11.38000011
05-06-2023,11.14000034
02-06-2023,11.13000011
01-06-2023,11.60000038
31-05-2023,11.97000027
30-05-2023,12.01000023
29-05-2023,12.30000019
26-05-2023,11.89999962
25-05-2023,12.52000046
24-05-2023,13.10999966
23-05-2023,12.60999966
22-05-2023,12.56999969
19-05-2023,12.30000019
18-05-2023,12.80000019
17-05-2023,13.10999966
16-05-2023,13.28999996
15-05-2023,13.17000008
12-05-2023,12.85000038
11-05-2023,13.22000027
10-05-2023,13.07999992
09-05-2023,12.68000031
08-05-2023,12.64000034
05-05-2023,12.30000019
04-05-2023,11.72999954
03-05-2023,11.84000015
02-05-2023,11.89999962
28-04-2023,10.94999981
27-04-2023,11.43000031
26-04-2023,11.64999962
25-04-2023,11.52000046
24-04-2023,11.67000008
21-04-2023,11.63000011
20-04-2023,11.93999958
19-04-2023,12.14999962
18-04-2023,12.07999992
17-04-2023,12.27000046
13-04-2023,11.90999985
12-04-2023,12.27000046
11-04-2023,11.97999954
10-04-2023,12.27000046
06-04-2023,11.80000019
05-04-2023,12.40999985
03-04-2023,12.59000015
31-03-2023,12.93999958
29-03-2023,13.63000011
28-03-2023,15.10000038
27-03-2023,15.44999981
24-03-2023,15.23999977
23-03-2023,14.48999977
22-03-2023,14.81000042
21-03-2023,15.07999992
20-03-2023,16.01000023
17-03-2023,14.77000046
16-03-2023,16.21999931
15-03-2023,16.29999924
14-03-2023,16.21999931
13-03-2023,16.21999931
10-03-2023,13.40999985
09-03-2023,12.72999954
08-03-2023,12.44999981
06-03-2023,12.27000046
03-03-2023,12.18000031
02-03-2023,12.97000027
01-03-2023,13
28-02-2023,14.02000046
27-02-2023,13.88000011
24-02-2023,14.18999958
23-02-2023,15.07999992
22-02-2023,15.59000015
21-02-2023,14.01000023
20-02-2023,13.38000011
17-02-2023,13.09000015
16-02-2023,12.89000034
15-02-2023,12.85999966
14-02-2023,13.44999981
13-02-2023,13.68000031
10-02-2023,12.75
09-02-2023,13.03999996
08-02-2023,13.60000038
07-02-2023,14.13000011
06-02-2023,14.68999958
03-02-2023,14.39999962
02-02-2023,15.72999954
01-02-2023,16.78000069
31-01-2023,16.87999916
30-01-2023,17.70999908
27-01-2023,17.31999969
25-01-2023,14.65999985
24-01-2023,13.65999985
23-01-2023,13.61999989
20-01-2023,13.78999996
19-01-2023,13.96000004
18-01-2023,14.36999989
17-01-2023,14.59000015
16-01-2023,15.02000046
13-01-2023,14.46000004
12-01-2023,15.27999973
11-01-2023,15.43999958
10-01-2023,15.51000023
09-01-2023,14.64999962
06-01-2023,15.02999973
05-01-2023,14.97999954
04-01-2023,15.19999981
03-01-2023,14.39000034
02-01-2023,14.68999958
30-12-2022,14.86999989
29-12-2022,14.81000042
28-12-2022,15.39999962
27-12-2022,15.28999996
23-12-2022,16.15999985
22-12-2022,15.18999958
21-12-2022,15.56000042
20-12-2022,13.77999973
19-12-2022,13.55000019
16-12-2022,14.06999969
15-12-2022,13.72999954
14-12-2022,12.89000034
13-12-2022,12.88000011
12-12-2022,13.31999969
09-12-2022,13.47999954
08-12-2022,13.39999962
07-12-2022,14.07999992
06-12-2022,14.03999996
05-12-2022,13.72999954
02-12-2022,13.44999981
01-12-2022,13.35999966
30-11-2022,13.81000042
29-11-2022,13.61999989
28-11-2022,13.56999969
25-11-2022,13.32999992
24-11-2022,13.47999954
23-11-2022,14.03999996
22-11-2022,13.84000015
21-11-2022,14.80000019
18-11-2022,14.39000034
17-11-2022,14.88000011
16-11-2022,15.10000038
15-11-2022,14.64000034
14-11-2022,14.90999985
11-11-2022,14.40999985
10-11-2022,15.56999969
09-11-2022,15.92000008
07-11-2022,15.59000015
04-11-2022,15.65999985
03-11-2022,15.93999958
02-11-2022,16.65999985
01-11-2022,16.12999916
31-10-2022,15.80000019
28-10-2022,15.92000008
27-10-2022,16.60000038
25-10-2022,16.87999916
24-10-2022,17.42000008
21-10-2022,17.28000069
20-10-2022,17.22999954
19-10-2022,17.48999977
18-10-2022,17.45000076
17-10-2022,18.42000008
14-10-2022,18.26000023
13-10-2022,20.29000092
12-10-2022,20.18000031
11-10-2022,20.48999977
10-10-2022,19.62000084
07-10-2022,18.80999947
06-10-2022,19.31999969
04-10-2022,19.56999969
03-10-2022,21.37000084
30-09-2022,19.96999931
29-09-2022,21.29999924
28-09-2022,22.10000038
27-09-2022,21.56999969
26-09-2022,21.88999939
23-09-2022,20.59000015
22-09-2022,18.81999969
21-09-2022,19.32999992
20-09-2022,18.79999924
19-09-2022,19.94000053
16-09-2022,19.81999969
15-09-2022,18.38999939
14-09-2022,18.28000069
13-09-2022,17.46999931
12-09-2022,17.94000053
09-09-2022,17.71999931
08-09-2022,18.30999947
07-09-2022,19.37000084
06-09-2022,19.52000046
05-09-2022,19.65999985
02-09-2022,19.54999924
01-09-2022,19.87000084
30-08-2022,18.70000076
29-08-2022,19.81999969
26-08-2022,18.21999931
25-08-2022,19.56999969
24-08-2022,18.43000031
23-08-2022,19.04999924
22-08-2022,19.04000092
19-08-2022,18.29000092
18-08-2022,17.35000038
17-08-2022,17.68000031
16-08-2022,17.68000031
12-08-2022,17.61000061
11-08-2022,18.36000061
10-08-2022,19.59000015
08-08-2022,19.29999924
05-08-2022,18.92000008
04-08-2022,19.26000023
03-08-2022,18.45000076
02-08-2022,18.53000069
01-08-2022,17.48999977
29-07-2022,16.54999924
28-07-2022,17.01000023
27-07-2022,18.12999916
26-07-2022,18.17000008
25-07-2022,17.68000031
22-07-2022,16.64999962
21-07-2022,16.86000061
20-07-2022,16.81999969
19-07-2022,17.20000076
18-07-2022,17.15999985
15-07-2022,17.60000038
14-07-2022,18.34000015
13-07-2022,18.52000046
12-07-2022,18.54999924
11-07-2022,18.37000084
08-07-2022,18.39999962
07-07-2022,19.20000076
06-07-2022,20.27000046
05-07-2022,20.79000092
04-07-2022,20.96999931
01-07-2022,21.25
30-06-2022,21.84000015
29-06-2022,21.89999962
28-06-2022,21.45000076
27-06-2022,21.01000023
24-06-2022,20.54999924
23-06-2022,20.87999916
22-06-2022,21.29999924
21-06-2022,21.13999939
20-06-2022,22.40999985
17-06-2022,22.76000023
16-06-2022,22.87000084
15-06-2022,22.14999962
14-06-2022,21.88999939
13-06-2022,22.37000084
10-06-2022,19.57999992
09-06-2022,19.13999939
08-06-2022,19.84000015
07-06-2022,20.43000031
06-06-2022,20.20000076
03-06-2022,19.97999954
02-06-2022,20.31999969
01-06-2022,20.85000038
31-05-2022,20.47999954
30-05-2022,19.97999954
27-05-2022,21.47999954
26-05-2022,22.71999931
25-05-2022,25.28000069
24-05-2022,25.63999939
23-05-2022,23.39999962
20-05-2022,23.10000038
19-05-2022,24.55999947
18-05-2022,22.29999924
17-05-2022,22.73999977
16-05-2022,24.53000069
13-05-2022,23.48999977
12-05-2022,24.27000046
11-05-2022,22.79999924
10-05-2022,22.29999924
09-05-2022,22.03000069
06-05-2022,21.25
05-05-2022,20.29000092
04-05-2022,21.87999916
02-05-2022,20.28000069
29-04-2022,19.42000008
28-04-2022,19.37999916
27-04-2022,20.61000061
26-04-2022,19.19000053
25-04-2022,21.26000023
22-04-2022,18.35000038
21-04-2022,17.85000038
20-04-2022,18.67000008
19-04-2022,19.77000046
18-04-2022,19.34000015
13-04-2022,17.79000092
12-04-2022,18.15999985
11-04-2022,18.27000046
08-04-2022,17.69000053
07-04-2022,19
06-04-2022,19.02000046
05-04-2022,18.48999977
04-04-2022,17.90999985
01-04-2022,18.43000031
31-03-2022,20.55999947
30-03-2022,20.61000061
29-03-2022,21.29999924
28-03-2022,22.61000061
25-03-2022,23.43000031
24-03-2022,23.93000031
23-03-2022,24.75
22-03-2022,24.06999969
21-03-2022,24.62000084
17-03-2022,22.61000061
16-03-2022,24.12000084
15-03-2022,26.72999954
14-03-2022,25.68000031
11-03-2022,25.35000038
10-03-2022,25.57999992
09-03-2022,27.46999931
08-03-2022,28.59000015
07-03-2022,29.32999992
04-03-2022,27.95999908
03-03-2022,28.15999985
02-03-2022,29.22999954
28-02-2022,28.56999969
25-02-2022,26.73999977
24-02-2022,31.97999954
23-02-2022,24.54000092
22-02-2022,26.65999985
21-02-2022,22.89999962
18-02-2022,22.17000008
17-02-2022,22.01000023
16-02-2022,20.59000015
15-02-2022,20.61000061
14-02-2022,22.97999954
11-02-2022,18.68000031
10-02-2022,17.70999908
09-02-2022,18.55999947
08-02-2022,19.68000031
07-02-2022,20.44000053
04-02-2022,18.89999962
03-02-2022,19.15999985
02-02-2022,18.64999962
01-02-2022,19.97999954
31-01-2022,21.95000076
28-01-2022,20.70000076
27-01-2022,21.06999969
25-01-2022,21.36000061
24-01-2022,22.82999992
21-01-2022,18.88999939
20-01-2022,17.79000092
19-01-2022,17.81999969
18-01-2022,17.78000069
17-01-2022,16.77000046
14-01-2022,16.55999947
13-01-2022,16.70000076
12-01-2022,17.18000031
11-01-2022,17.76000023
10-01-2022,17.68000031
07-01-2022,17.60000038
06-01-2022,17.97999954
05-01-2022,17.22999954
04-01-2022,16.12000084
03-01-2022,16.45000076
31-12-2021,16.21999931
30-12-2021,16.56999969
29-12-2021,16.23999977
28-12-2021,16.47999954
27-12-2021,17.12000084
24-12-2021,16.14999962
23-12-2021,15.82999992
22-12-2021,16.57999992
21-12-2021,17.54000092
20-12-2021,18.96999931
17-12-2021,16.34000015
16-12-2021,15.89999962
15-12-2021,17.21999931
14-12-2021,16.95000076
13-12-2021,16.56999969
10-12-2021,16.05999947
09-12-2021,16.60000038
08-12-2021,17.27000046
07-12-2021,18.45999908
06-12-2021,20.07999992
03-12-2021,18.45000076
02-12-2021,18.09000015
01-12-2021,19.45000076
30-11-2021,21.17000008
29-11-2021,20.82999992
26-11-2021,20.79999924
25-11-2021,16.65999985
24-11-2021,17.10000038
23-11-2021,18.02000046
22-11-2021,17.52000046
18-11-2021,14.85999966
17-11-2021,14.97999954
16-11-2021,15.19999981
15-11-2021,15.47000027
12-11-2021,15.22000027
11-11-2021,16.35000038
10-11-2021,16.30999947
09-11-2021,16
08-11-2021,16.34000015
04-11-2021,15.75
03-11-2021,16.12999916
02-11-2021,17.05999947
01-11-2021,17.23999977
29-10-2021,17.43000031
28-10-2021,17.90999985
27-10-2021,16.82999992
26-10-2021,16.75
25-10-2021,17.61000061
22-10-2021,17.54999924
21-10-2021,18.04000092
20-10-2021,18.30999947
19-10-2021,17.37999916
18-10-2021,17.18000031
14-10-2021,15.77000046
13-10-2021,16.10000038
12-10-2021,15.85000038
11-10-2021,16.09000015
08-10-2021,15.64999962
07-10-2021,16.15999985
06-10-2021,17.32999992
05-10-2021,16.39999962
04-10-2021,16.73999977
01-10-2021,17.20999908
30-09-2021,18.39999962
29-09-2021,18.84000015
28-09-2021,18.54000092
27-09-2021,18.04999924
24-09-2021,16.92000008
23-09-2021,16.60000038
22-09-2021,16.48999977
21-09-2021,16.52000046
20-09-2021,17.48999977
17-09-2021,15.22999954
16-09-2021,14.40999985
15-09-2021,13.72999954
14-09-2021,13.57999992
13-09-2021,14.02999973
09-09-2021,13.93999958
08-09-2021,14.40999985
07-09-2021,14.89999962
06-09-2021,15.10999966
03-09-2021,14.53999996
02-09-2021,14.23999977
01-09-2021,14.18999958
31-08-2021,14.52000046
30-08-2021,13.31999969
27-08-2021,13.40999985
26-08-2021,13.53999996
25-08-2021,13.5
24-08-2021,13.18999958
23-08-2021,13.68999958
20-08-2021,14.02000046
18-08-2021,12.90999985
17-08-2021,13.40999985
16-08-2021,13.46000004
13-08-2021,12.98999977
12-08-2021,12.36999989
11-08-2021,12.71000004
10-08-2021,12.71000004
09-08-2021,12.60999966
06-08-2021,12.60999966
05-08-2021,12.86999989
04-08-2021,13.21000004
03-08-2021,13.75
02-08-2021,12.81000042
30-07-2021,12.80000019
29-07-2021,12.94999981
28-07-2021,13.68999958
27-07-2021,13.22999954
26-07-2021,12.44999981
23-07-2021,11.76000023
22-07-2021,11.89000034
20-07-2021,13.21000004
19-07-2021,12.68000031
16-07-2021,11.71000004
15-07-2021,12.27000046
14-07-2021,12.59000015
13-07-2021,12.61999989
12-07-2021,12.98999977
09-07-2021,12.93999958
08-07-2021,13.56000042
07-07-2021,12.21000004
06-07-2021,12.27999973
02-07-2021,12.09000015
01-07-2021,12.84000015
30-06-2021,13.05000019
29-06-2021,13
28-06-2021,13.39999962
25-06-2021,13.36999989
24-06-2021,15.10000038
23-06-2021,15.36999989
22-06-2021,14.73999977
21-06-2021,15.06000042
18-06-2021,14.80000019
17-06-2021,15.28999996
16-06-2021,14.86999989
15-06-2021,14.60999966
14-06-2021,14.72000027
11-06-2021,14.10000038
10-06-2021,15
09-06-2021,14.75
08-06-2021,15.22999954
07-06-2021,15.56999969
04-06-2021,15.93999958
03-06-2021,15.75
02-06-2021,17.20999908
01-06-2021,17.38999939
28-05-2021,17.39999962
27-05-2021,19.90999985
26-05-2021,20.87000084
24-05-2021,19.12999916
21-05-2021,19.07999992
19-05-2021,19.31999969
18-05-2021,19.23999977
17-05-2021,19.61000061
14-05-2021,20.27000046
12-05-2021,20.07999992
10-05-2021,20.22999954
07-05-2021,20.81999969
06-05-2021,22.04000092
04-05-2021,23.01000023
03-05-2021,23.69000053
30-04-2021,23.03000069
29-04-2021,23.30999947
28-04-2021,22.57999992
27-04-2021,23.07999992
26-04-2021,23.5
23-04-2021,22.69000053
22-04-2021,23.03000069
20-04-2021,22.43000031
19-04-2021,22.48999977
16-04-2021,20.39999962
15-04-2021,20.88999939
13-04-2021,20.45999908
12-04-2021,23
09-04-2021,19.79000092
08-04-2021,20.30999947
07-04-2021,20.25
06-04-2021,20.84000015
05-04-2021,21.21999931
01-04-2021,19.98999977
31-03-2021,20.64999962
30-03-2021,20.48999977
26-03-2021,20.64999962
25-03-2021,22.70000076
24-03-2021,22.45999908
23-03-2021,20.67000008
22-03-2021,20.48999977
19-03-2021,19.98999977
18-03-2021,20.07999992
17-03-2021,20.15999985
16-03-2021,20.19000053
15-03-2021,21.22999954
12-03-2021,21.70999908
10-03-2021,20.75
09-03-2021,22.5
08-03-2021,24.68000031
05-03-2021,25.55999947
04-03-2021,24.14999962
03-03-2021,22.09000015
02-03-2021,23.61000061
01-03-2021,25.62999916
26-02-2021,28.13999939
25-02-2021,22.88999939
24-02-2021,24.17000008
23-02-2021,25.22999954
22-02-2021,25.46999931
19-02-2021,22.25
18-02-2021,21.54000092
16-02-2021,21.78000069
12-02-2021,22.04000092
11-02-2021,23.04999924
10-02-2021,23.95000076
09-02-2021,24.27000046
08-02-2021,23.95999908
05-02-2021,23.42000008
04-02-2021,23.12000084
03-02-2021,23.75
02-02-2021,23.35000038
01-02-2021,23.31999969
29-01-2021,25.34000015
28-01-2021,24.29000092
27-01-2021,24.38999939
25-01-2021,23.25
21-01-2021,22.18000031
20-01-2021,21.54999924
19-01-2021,22.89999962
18-01-2021,24.39999962
15-01-2021,24.01000023
14-01-2021,23.03000069
13-01-2021,23.29000092
12-01-2021,22.85000038
11-01-2021,22.37999916
08-01-2021,20.63999939
07-01-2021,20.62000084
06-01-2021,21
05-01-2021,20.45999908
04-01-2021,20.03000069
31-12-2020,21.10000038
30-12-2020,21.11000061
29-12-2020,20.79000092
28-12-2020,20.43000031
24-12-2020,19.96999931
23-12-2020,20.5
22-12-2020,21.98999977
21-12-2020,23.19000053
18-12-2020,18.62000084
17-12-2020,19.15999985
16-12-2020,19.20000076
15-12-2020,19.35000038
14-12-2020,19.39999962
11-12-2020,18.79000092
10-12-2020,18.70999908
09-12-2020,18.92000008
08-12-2020,18.62000084
07-12-2020,18.02000046
04-12-2020,18.03000069
03-12-2020,19
02-12-2020,19.90999985
01-12-2020,20.18000031
27-11-2020,19.81999969
26-11-2020,20.02000046
25-11-2020,23.12999916
24-11-2020,21.05999947
23-11-2020,20.79999924
20-11-2020,19.62000084
19-11-2020,19.56999969
18-11-2020,19.12000084
17-11-2020,19.79999924
13-11-2020,19.70000076
12-11-2020,20.62000084
11-11-2020,22.03000069
10-11-2020,21.57999992
09-11-2020,20.11000061
06-11-2020,20.5
05-11-2020,20.96999931
04-11-2020,23.20000076
03-11-2020,24.23999977
02-11-2020,25.20999908
30-10-2020,24.75
29-10-2020,24.02000046
28-10-2020,23.28000069
27-10-2020,22.20000076
26-10-2020,22.82999992
23-10-2020,21.82999992
22-10-2020,22.63999939
21-10-2020,22.92000008
20-10-2020,22.69000053
19-10-2020,21.81999969
16-10-2020,21.64999962
15-10-2020,22.05999947
14-10-2020,20.20999908
13-10-2020,20.71999931
12-10-2020,21.12999916
09-10-2020,20.37999916
08-10-2020,20.37999916
07-10-2020,20.05999947
06-10-2020,19.63999939
05-10-2020,19.70000076
01-10-2020,18.35000038
30-09-2020,19.53000069
29-09-2020,19.77000046
28-09-2020,19.56999969
25-09-2020,20.68000031
24-09-2020,23.51000023
23-09-2020,20.98999977
22-09-2020,21.40999985
21-09-2020,22.19000053
18-09-2020,20.04999924
17-09-2020,20.10000038
16-09-2020,19.65999985
15-09-2020,20.60000038
14-09-2020,21.19000053
11-09-2020,20.70999908
10-09-2020,21.26000023
09-09-2020,22.22999954
08-09-2020,22.71999931
07-09-2020,22.01000023
04-09-2020,22.14999962
03-09-2020,20.5
02-09-2020,21.11000061
01-09-2020,21.79999924
31-08-2020,22.84000015
28-08-2020,18.35000038
27-08-2020,18.89999962
26-08-2020,19.29999924
25-08-2020,19.31999969
24-08-2020,19.22999954
21-08-2020,19.94000053
20-08-2020,20.62000084
19-08-2020,19.95999908
18-08-2020,20.43000031
17-08-2020,21.30999947
14-08-2020,21.67000008
13-08-2020,20.56999969
12-08-2020,20.85000038
11-08-2020,21.36000061
10-08-2020,22.51000023
07-08-2020,22.57999992
06-08-2020,23.14999962
05-08-2020,23.56999969
04-08-2020,23.81999969
03-08-2020,25.19000053
31-07-2020,24.19000053
30-07-2020,24.72999954
29-07-2020,24.11000061
28-07-2020,23.63999939
27-07-2020,25.02000046
24-07-2020,24.54000092
23-07-2020,24.63999939
22-07-2020,24.88999939
21-07-2020,24.43000031
20-07-2020,24.70999908
17-07-2020,24.15999985
16-07-2020,25.36000061
15-07-2020,26.29000092
14-07-2020,26.63999939
13-07-2020,25.25
10-07-2020,24.94000053
09-07-2020,24.90999985
08-07-2020,26.10000038
07-07-2020,25.10000038
06-07-2020,25.20000076
03-07-2020,25.77000046
02-07-2020,26.51000023
01-07-2020,28.12000084
30-06-2020,29.12000084
29-06-2020,28.90999985
26-06-2020,28.73999977
25-06-2020,29.72999954
24-06-2020,29.57999992
23-06-2020,29.34000015
22-06-2020,30.45999908
19-06-2020,29.96999931
18-06-2020,31.45999908
17-06-2020,33.34999847
16-06-2020,32.97000122
15-06-2020,32.58000183
12-06-2020,30.81999969
11-06-2020,29.65999985
10-06-2020,29.44000053
09-06-2020,30.20999908
08-06-2020,29.64999962
05-06-2020,28.68000031
04-06-2020,29.69000053
03-06-2020,30.04000092
02-06-2020,30.12000084
01-06-2020,30.73999977
29-05-2020,30.21999931
28-05-2020,30.02000046
27-05-2020,31.27000046
26-05-2020,31.46999931
22-05-2020,32.38000107
21-05-2020,32.99000168
20-05-2020,35.81000137
19-05-2020,39.45000076
18-05-2020,40.91999817
15-05-2020,38.02000046
14-05-2020,38.18000031
13-05-2020,38.84000015
12-05-2020,38.20999908
11-05-2020,38.04000092
08-05-2020,38.40999985
07-05-2020,39.93000031
06-05-2020,41.25
05-05-2020,43.61000061
04-05-2020,43.66999817
30-04-2020,33.99000168
29-04-2020,33.84000015
28-04-2020,35.34999847
27-04-2020,38.04000092
24-04-2020,39.11999893
23-04-2020,39.22999954
22-04-2020,42.81999969
21-04-2020,45.20000076
20-04-2020,43.45999908
17-04-2020,42.59000015
16-04-2020,46.09999847
15-04-2020,49.74000168
13-04-2020,51.45999908
09-04-2020,49.75
08-04-2020,52.24000168
07-04-2020,51.79999924
03-04-2020,55.29999924
01-04-2020,60.04999924
31-03-2020,64.41000366
30-03-2020,71.88999939
27-03-2020,70.38999939
26-03-2020,71.52999878
25-03-2020,77.62999725
24-03-2020,83.61000061
23-03-2020,71.98999786
20-03-2020,67.09999847
19-03-2020,72.19999695
18-03-2020,63.95999908
17-03-2020,62.93000031
16-03-2020,58.88000107
13-03-2020,51.47000122
12-03-2020,41.15999985
11-03-2020,31.55999947
09-03-2020,30.79999924
06-03-2020,25.63999939
05-03-2020,23.25
04-03-2020,24.22999954
03-03-2020,24.54000092
02-03-2020,25.20000076
28-02-2020,23.23999977
27-02-2020,17.77000046
26-02-2020,18.26000023
25-02-2020,16.89999962
24-02-2020,17
20-02-2020,13.69999981
19-02-2020,14.02000046
18-02-2020,14.51000023
17-02-2020,14.42000008
14-02-2020,13.61999989
13-02-2020,13.36999989
12-02-2020,13.61999989
11-02-2020,13.88000011
10-02-2020,14.21000004
07-02-2020,13.75
06-02-2020,13.77999973
05-02-2020,14.17000008
04-02-2020,14.38000011
03-02-2020,15.77999973
31-01-2020,17.37000084
30-01-2020,16.79999924
29-01-2020,16.5
28-01-2020,17.29999924
27-01-2020,17.18000031
24-01-2020,15.56000042
23-01-2020,15.85999966
22-01-2020,16.36000061
21-01-2020,15.85999966
20-01-2020,15.40999985
17-01-2020,14.13000011
16-01-2020,14.18000031
15-01-2020,14.11999989
14-01-2020,13.90999985
13-01-2020,14.27999973
10-01-2020,14.07999992
09-01-2020,14
08-01-2020,15.64000034
07-01-2020,14.60999966
06-01-2020,14.77999973
03-01-2020,12.69999981
02-01-2020,11.48999977
31-12-2019,11.67000008
30-12-2019,11.01000023
27-12-2019,10.52999973
26-12-2019,11.11999989
24-12-2019,11.63000011
23-12-2019,11.96000004
20-12-2019,12.32999992
19-12-2019,12.11999989
18-12-2019,12.34000015
17-12-2019,12.52000046
16-12-2019,13.42000008
13-12-2019,13.30000019
12-12-2019,13.35000038
11-12-2019,13.38000011
10-12-2019,14.28999996
09-12-2019,14.60000038
06-12-2019,13.64000034
05-12-2019,14.31000042
04-12-2019,13.31999969
03-12-2019,14.56000042
02-12-2019,14.19999981
29-11-2019,13.89999962
28-11-2019,13.98999977
27-11-2019,14.61999989
26-11-2019,14.84000015
25-11-2019,15
22-11-2019,14.86999989
21-11-2019,14.97999954
20-11-2019,15.15999985
19-11-2019,15.40999985
18-11-2019,15.76000023
15-11-2019,15.02999973
14-11-2019,15.64999962
13-11-2019,16.45999908
11-11-2019,16.25
08-11-2019,15.85999966
07-11-2019,15.21000004
06-11-2019,15.77999973
05-11-2019,15.92000008
04-11-2019,15.93000031
01-11-2019,15.72999954
31-10-2019,16.28000069
30-10-2019,16.65999985
29-10-2019,16.42000008
25-10-2019,15.31999969
24-10-2019,16.23999977
23-10-2019,16.54000092
22-10-2019,16.80999947
18-10-2019,15.93000031
17-10-2019,15.88000011
16-10-2019,16.36000061
15-10-2019,16.85000038
14-10-2019,17.43000031
11-10-2019,17.13999939
10-10-2019,17.22999954
09-10-2019,17.15999985
07-10-2019,17.82999992
04-10-2019,17.57999992
03-10-2019,17.70000076
01-10-2019,16.76000023
30-09-2019,15.86999989
27-09-2019,16.11000061
26-09-2019,16.34000015
25-09-2019,16.17000008
24-09-2019,16.72999954
23-09-2019,16.79000092
20-09-2019,15.39999962
19-09-2019,15.55000019
18-09-2019,15.35000038
17-09-2019,16.02000046
16-09-2019,14.94999981
13-09-2019,14.11999989
12-09-2019,14.89999962
11-09-2019,15.36999989
09-09-2019,15.85000038
06-09-2019,16.27000046
05-09-2019,17.27000046
04-09-2019,17.23999977
03-09-2019,18.05999947
30-08-2019,16.28000069
29-08-2019,16.43000031
28-08-2019,16.84000015
27-08-2019,16.01000023
26-08-2019,16.65999985
23-08-2019,17.35000038
22-08-2019,17.85000038
21-08-2019,17.02000046
20-08-2019,16.62999916
19-08-2019,16.75
16-08-2019,16.64999962
14-08-2019,16.36000061
13-08-2019,17.78000069
09-08-2019,15.85000038
08-08-2019,16.09000015
07-08-2019,16.73999977
06-08-2019,16.12000084
05-08-2019,16.59000015
02-08-2019,15.18999958
01-08-2019,14.56000042
31-07-2019,13.59000015
30-07-2019,13.60999966
29-07-2019,13.06000042
26-07-2019,12.13000011
25-07-2019,12.64000034
24-07-2019,12.76000023
23-07-2019,13.43000031
22-07-2019,13.01000023
19-07-2019,12.52000046
18-07-2019,11.75
17-07-2019,11.80000019
16-07-2019,11.56000042
15-07-2019,12.02000046
12-07-2019,12
11-07-2019,12.47000027
10-07-2019,13.64000034
09-07-2019,13.68999958
08-07-2019,13.85000038
05-07-2019,13.06999969
04-07-2019,13.52999973
03-07-2019,13.69999981
02-07-2019,14.25
01-07-2019,14.60000038
28-06-2019,14.94999981
27-06-2019,14.64999962
26-06-2019,14.75
25-06-2019,15.01000023
24-06-2019,15.22000027
21-06-2019,14.60999966
20-06-2019,14
19-06-2019,14.72999954
18-06-2019,14.60000038
17-06-2019,14.64999962
14-06-2019,13.89999962
13-06-2019,13.65999985
12-06-2019,14.11999989
11-06-2019,14.48999977
10-06-2019,14.97999954
07-06-2019,14.85999966
06-06-2019,15.52999973
04-06-2019,15.63000011
03-06-2019,15.97000027
31-05-2019,16.06999969
30-05-2019,15.60999966
29-05-2019,16.40999985
28-05-2019,15.92000008
27-05-2019,16.19000053
24-05-2019,16.46999931
23-05-2019,19.40999985
22-05-2019,27.62999916
21-05-2019,25.64999962
20-05-2019,23.68000031
17-05-2019,28.07999992
16-05-2019,28.37000084
15-05-2019,28.65999985
14-05-2019,27.12999916
13-05-2019,27.37999916
10-05-2019,26.34000015
09-05-2019,25.48999977
08-05-2019,26.37000084
07-05-2019,26.47999954
06-05-2019,26.43000031
03-05-2019,24.03000069
02-05-2019,22.97999954
30-04-2019,21.82999992
26-04-2019,21.71999931
25-04-2019,23.22999954
24-04-2019,23.70999908
23-04-2019,24.64999962
22-04-2019,24.04999924
18-04-2019,22.73999977
16-04-2019,21.69000053
15-04-2019,21.38999939
12-04-2019,21
11-04-2019,20.95999908
10-04-2019,21.12999916
09-04-2019,20.28000069
08-04-2019,20.14999962
05-04-2019,18.38999939
04-04-2019,18.64999962
03-04-2019,18.78000069
02-04-2019,18.07999992
01-04-2019,18.01000023
28-03-2019,16.64999962
27-03-2019,17.04999924
26-03-2019,16.48999977
25-03-2019,16.67000008
22-03-2019,16.27000046
20-03-2019,16.03000069
19-03-2019,16.48999977
18-03-2019,16.89999962
15-03-2019,15.86999989
14-03-2019,15.14999962
13-03-2019,15.27999973
12-03-2019,15.10000038
11-03-2019,14.89999962
08-03-2019,14.93999958
07-03-2019,15.28999996
06-03-2019,15.60999966
05-03-2019,15.65999985
01-03-2019,16.27000046
28-02-2019,18.28000069
27-02-2019,18.89999962
26-02-2019,17.11000061
25-02-2019,15.35999966
22-02-2019,15.44999981
21-02-2019,16.04999924
20-02-2019,17.05999947
19-02-2019,18.46999931
18-02-2019,18
15-02-2019,16.45999908
14-02-2019,15.77000046
12-02-2019,15.75
11-02-2019,15.84000015
08-02-2019,15.56999969
07-02-2019,15.43999958
06-02-2019,15.63000011
05-02-2019,15.77999973
04-02-2019,15.72000027
01-02-2019,15.72000027
31-01-2019,17.12000084
30-01-2019,17.85000038
29-01-2019,18.43000031
28-01-2019,18.89999962
25-01-2019,17.69000053
24-01-2019,17.43000031
23-01-2019,18.09000015
22-01-2019,17.98999977
21-01-2019,18.14999962
18-01-2019,16.62000084
17-01-2019,16.23999977
16-01-2019,16.07999992
15-01-2019,15.57999992
14-01-2019,16.15999985
11-01-2019,15.35000038
10-01-2019,15.35000038
09-01-2019,15.27000046
08-01-2019,15.69999981
07-01-2019,16.29999924
04-01-2019,16.15999985
03-01-2019,16.79000092
02-01-2019,16.38999939
01-01-2019,15.32999992
31-12-2018,16
28-12-2018,15.27000046
27-12-2018,16.06999969
26-12-2018,15.92000008
24-12-2018,15.75
21-12-2018,15.98999977
20-12-2018,14.32999992
19-12-2018,14.65999985
18-12-2018,14.57999992
17-12-2018,14.53999996
14-12-2018,15.15999985
13-12-2018,15.55000019
12-12-2018,15.81000042
11-12-2018,17.95000076
10-12-2018,20.44000053
07-12-2018,18.59000015
06-12-2018,19.30999947
05-12-2018,18.38999939
04-12-2018,18.11000061
03-12-2018,18.21999931
30-11-2018,19.15999985
29-11-2018,18.70000076
28-11-2018,17.95999908
27-11-2018,18.31999969
26-11-2018,20.39999962
22-11-2018,19.15999985
21-11-2018,19.55999947
20-11-2018,19.32999992
19-11-2018,19.26000023
16-11-2018,18.35000038
15-11-2018,18.45000076
14-11-2018,18.82999992
13-11-2018,18.70000076
12-11-2018,19.37000084
09-11-2018,17.77000046
07-11-2018,17.71999931
06-11-2018,18.51000023
05-11-2018,19.47999954
02-11-2018,18.22999954
01-11-2018,19.19000053
31-10-2018,19.79999924
30-10-2018,20.5
29-10-2018,19.82999992
26-10-2018,19.22999954
25-10-2018,18.95999908
24-10-2018,18.87999916
23-10-2018,19.04000092
22-10-2018,21.36000061
19-10-2018,19.79000092
17-10-2018,17.97999954
16-10-2018,17.37000084
15-10-2018,18.88999939
12-10-2018,18.62999916
11-10-2018,20.54999924
10-10-2018,17.90999985
09-10-2018,19.76000023
08-10-2018,20.14999962
05-10-2018,19.72999954
04-10-2018,18.92000008
03-10-2018,18.12000084
01-10-2018,16.84000015
28-09-2018,17
27-09-2018,16.92000008
26-09-2018,17.09000015
25-09-2018,16.68000031
24-09-2018,17.43000031
21-09-2018,15.53999996
19-09-2018,14.01000023
18-09-2018,14.42000008
17-09-2018,14.5
14-09-2018,13.84000015
12-09-2018,14.25
11-09-2018,15.32999992
10-09-2018,15.19999981
07-09-2018,13.89000034
06-09-2018,13.72000027
05-09-2018,13.64999962
04-09-2018,13.77999973
03-09-2018,13.39000034
31-08-2018,12.60000038
30-08-2018,12.40999985
29-08-2018,12.43999958
28-08-2018,12.43000031
27-08-2018,12.23999977
24-08-2018,12.40999985
23-08-2018,12.76000023
21-08-2018,12.89999962
20-08-2018,13.02999973
17-08-2018,13.15999985
16-08-2018,13.64999962
14-08-2018,13.27999973
13-08-2018,13.39999962
10-08-2018,12.85000038
09-08-2018,12.68000031
08-08-2018,12.53999996
07-08-2018,12.57999992
06-08-2018,12.56000042
03-08-2018,12.07999992
02-08-2018,12.56000042
01-08-2018,12.52999973
31-07-2018,12.47999954
30-07-2018,12.59000015
27-07-2018,12.31000042
26-07-2018,12.02999973
25-07-2018,12.21000004
24-07-2018,12.47000027
23-07-2018,13.01000023
20-07-2018,13.53999996
19-07-2018,13.59000015
18-07-2018,13.68000031
17-07-2018,12.82999992
16-07-2018,12.94999981
13-07-2018,12.30000019
12-07-2018,12.51000023
11-07-2018,12.77999973
10-07-2018,12.39999962
09-07-2018,12.39000034
06-07-2018,12.43999958
05-07-2018,12.57999992
04-07-2018,12.65999985
03-07-2018,13
02-07-2018,13.36999989
29-06-2018,12.93999958
28-06-2018,13.94999981
27-06-2018,13.51000023
26-06-2018,12.80000019
25-06-2018,12.57999992
22-06-2018,12.02000046
21-06-2018,12.44999981
20-06-2018,12.17000008
19-06-2018,12.92000008
18-06-2018,12.38000011
15-06-2018,12.06999969
14-06-2018,12.10000038
13-06-2018,12.64000034
12-06-2018,12.72999954
11-06-2018,13.18000031
08-06-2018,12.69999981
07-06-2018,12.77999973
06-06-2018,12.55000019
05-06-2018,13.31999969
04-06-2018,13.88000011
01-06-2018,13.56999969
31-05-2018,13.22000027
30-05-2018,13.40999985
29-05-2018,13.06999969
28-05-2018,13.06000042
25-05-2018,12.64999962
24-05-2018,13.14999962
23-05-2018,14.15999985
22-05-2018,13.60000038
21-05-2018,14.40999985
18-05-2018,14.14999962
17-05-2018,13.40999985
16-05-2018,13.43999958
15-05-2018,13.17000008
14-05-2018,14.25
11-05-2018,13.97999954
10-05-2018,14.43000031
09-05-2018,14.27000046
08-05-2018,14.06000042
07-05-2018,13.76000023
04-05-2018,13.25
03-05-2018,12.98999977
02-05-2018,12.84000015
30-04-2018,12.35999966
27-04-2018,12.02000046
26-04-2018,12.03999996
25-04-2018,12.39999962
24-04-2018,11.89999962
23-04-2018,13.14999962
20-04-2018,12.93999958
19-04-2018,13.75
18-04-2018,14.10999966
17-04-2018,14.03999996
16-04-2018,14.26000023
13-04-2018,14.14000034
12-04-2018,14.56000042
11-04-2018,14.72000027
10-04-2018,14.5
09-04-2018,14.86999989
06-04-2018,14.75
05-04-2018,14.80000019
04-04-2018,16.34000015
03-04-2018,15.18999958
02-04-2018,15.35000038
28-03-2018,15.76000023
27-03-2018,15.55000019
26-03-2018,15.19999981
23-03-2018,15.55000019
22-03-2018,15.25
21-03-2018,15.10999966
20-03-2018,15.60999966
19-03-2018,15.81999969
16-03-2018,15.22000027
15-03-2018,14.32999992
14-03-2018,14.35999966
13-03-2018,14.46000004
12-03-2018,14.48999977
09-03-2018,14.52999973
08-03-2018,14.59000015
07-03-2018,15.69999981
06-03-2018,16.25
05-03-2018,15.39999962
01-03-2018,14.06999969
28-02-2018,13.81000042
27-02-2018,13.92000008
26-02-2018,13.69999981
23-02-2018,14.19999981
22-02-2018,14.82999992
21-02-2018,15.92000008
20-02-2018,16.87000084
19-02-2018,16.67000008
16-02-2018,16.37999916
15-02-2018,16.31999969
14-02-2018,17.18000031
12-02-2018,17.87999916
09-02-2018,19.22999954
08-02-2018,17.77000046
07-02-2018,19.46999931
06-02-2018,20.02000046
05-02-2018,16.04999924
02-02-2018,15.25
01-02-2018,14.10999966
31-01-2018,15.93000031
30-01-2018,16.42000008
29-01-2018,17.88999939
25-01-2018,17.51000023
24-01-2018,18.04000092
23-01-2018,16.22999954
22-01-2018,15.39000034
19-01-2018,13.97999954
18-01-2018,13.96000004
17-01-2018,13.85999966
16-01-2018,14.09000015
15-01-2018,14.31000042
12-01-2018,13.72999954
11-01-2018,14.01000023
10-01-2018,14.03999996
09-01-2018,13.85000038
08-01-2018,13.73999977
05-01-2018,13.10999966
04-01-2018,13.42000008
03-01-2018,13.61999989
02-01-2018,13.68999958
01-01-2018,13.35000038
29-12-2017,12.67000008
28-12-2017,12.30000019
27-12-2017,12.48999977
26-12-2017,12.05000019
22-12-2017,11.59000015
21-12-2017,12.09000015
20-12-2017,12.18999958
19-12-2017,12.18999958
18-12-2017,13.11999989
15-12-2017,14.93999958
14-12-2017,16.40999985
13-12-2017,15.94999981
12-12-2017,15.26000023
11-12-2017,14.14999962
08-12-2017,13.67000008
07-12-2017,14.27000046
06-12-2017,15.09000015
05-12-2017,15.01000023
04-12-2017,14.85999966
01-12-2017,14.80000019
30-11-2017,13.55000019
29-11-2017,13.06000042
28-11-2017,13.14999962
27-11-2017,13.02999973
24-11-2017,13.51000023
23-11-2017,13.86999989
22-11-2017,14.03999996
21-11-2017,13.72000027
20-11-2017,13.43000031
17-11-2017,13.71000004
16-11-2017,13.46000004
15-11-2017,14.27000046
14-11-2017,14.17000008
13-11-2017,14.05000019
10-11-2017,13.47999954
09-11-2017,13.27000046
08-11-2017,13.60999966
07-11-2017,13.23999977
06-11-2017,13.02000046
03-11-2017,11.90999985
02-11-2017,12.01000023
01-11-2017,12.14000034
31-10-2017,12.43999958
30-10-2017,12.10999966
27-10-2017,11.47999954
26-10-2017,11.61999989
25-10-2017,11.76000023
24-10-2017,11.59000015
23-10-2017,12.32999992
19-10-2017,12.39999962
18-10-2017,11.53999996
17-10-2017,11.60999966
16-10-2017,11.31000042
13-10-2017,11.26000023
12-10-2017,11.03999996
11-10-2017,11.72999954
10-10-2017,11.10999966
09-10-2017,11.39000034
06-10-2017,11.11999989
05-10-2017,11.71000004
04-10-2017,11.80000019
03-10-2017,12.46000004
29-09-2017,12.48999977
28-09-2017,13.17000008
27-09-2017,13.85999966
26-09-2017,12.93000031
25-09-2017,13.34000015
22-09-2017,12.81000042
21-09-2017,11.63000011
20-09-2017,11.63000011
19-09-2017,11.47000027
18-09-2017,11.43999958
15-09-2017,11.68000031
14-09-2017,11.47000027
13-09-2017,11.76000023
12-09-2017,11.76000023
11-09-2017,12.35999966
08-09-2017,12.96000004
07-09-2017,13.01000023
06-09-2017,13.11999989
05-09-2017,12.89000034
04-09-2017,13.17000008
01-09-2017,11.68000031
31-08-2017,11.94999981
30-08-2017,12.89000034
29-08-2017,13.53999996
28-08-2017,12.64000034
24-08-2017,12.56999969
23-08-2017,13.18000031
22-08-2017,14.10999966
21-08-2017,14.81999969
18-08-2017,14.56999969
17-08-2017,14.34000015
16-08-2017,14.23999977
14-08-2017,14.38000011
11-08-2017,15.19999981
10-08-2017,13.80000019
09-08-2017,13.44999981
08-08-2017,12.77000046
07-08-2017,11.89999962
04-08-2017,11.39000034
03-08-2017,11.64000034
02-08-2017,11.93999958
01-08-2017,11.90999985
31-07-2017,11.89999962
28-07-2017,11.14000034
27-07-2017,11.22000027
26-07-2017,11.17000008
25-07-2017,10.90999985
24-07-2017,11.31000042
21-07-2017,11.09000015
20-07-2017,11.31999969
19-07-2017,11.26000023
18-07-2017,11.48999977
17-07-2017,11.46000004
14-07-2017,11.17000008
13-07-2017,11.25
12-07-2017,11.05000019
11-07-2017,10.89000034
10-07-2017,10.90999985
07-07-2017,10.86999989
06-07-2017,10.97999954
05-07-2017,11.14999962
04-07-2017,11.27999973
03-07-2017,11.19999981
30-06-2017,11.72999954
29-06-2017,11.38000011
28-06-2017,11.98999977
27-06-2017,12.51000023
23-06-2017,11.56000042
22-06-2017,11.21000004
21-06-2017,10.92000008
20-06-2017,10.65999985
19-06-2017,10.63000011
16-06-2017,10.92000008
15-06-2017,11.32999992
14-06-2017,11.18000031
13-06-2017,11.34000015
12-06-2017,11.42000008
09-06-2017,10.85999966
08-06-2017,11.06999969
07-06-2017,10.89000034
06-06-2017,11.13000011
05-06-2017,11.02000046
02-06-2017,10.81000042
01-06-2017,11.31000042
31-05-2017,11.76000023
30-05-2017,11.77000046
29-05-2017,11.78999996
26-05-2017,10.85999966
25-05-2017,10.44999981
24-05-2017,11.82999992
23-05-2017,12.19999981
22-05-2017,11.19999981
19-05-2017,11.30000019
18-05-2017,11.78999996
17-05-2017,10.64000034
16-05-2017,10.56000042
15-05-2017,10.68000031
12-05-2017,10.63000011
11-05-2017,10.84000015
10-05-2017,10.94999981
09-05-2017,11.10999966
08-05-2017,11.67000008
05-05-2017,11.98999977
04-05-2017,11.32999992
03-05-2017,11.52999973
02-05-2017,11.44999981
28-04-2017,10.85999966
27-04-2017,11.06999969
26-04-2017,11.73999977
25-04-2017,11.15999985
24-04-2017,11.63000011
21-04-2017,11.42000008
20-04-2017,11.56000042
19-04-2017,12.22000027
18-04-2017,12.38000011
17-04-2017,11.89000034
13-04-2017,11.57999992
12-04-2017,11.63000011
11-04-2017,11.39999962
10-04-2017,11.61999989
07-04-2017,11.68999958
06-04-2017,11.28999996
05-04-2017,11.55000019
03-04-2017,11.48999977
31-03-2017,12.42000008
30-03-2017,12.14999962
29-03-2017,12.09000015
28-03-2017,12.11999989
27-03-2017,12.43999958
24-03-2017,11.97999954
23-03-2017,11.84000015
22-03-2017,12.27000046
21-03-2017,11.93999958
20-03-2017,12.02000046
17-03-2017,11.85000038
16-03-2017,11.90999985
15-03-2017,12.42000008
14-03-2017,12.39999962
10-03-2017,13.96000004
09-03-2017,14.39000034
08-03-2017,14.07999992
07-03-2017,13.88000011
06-03-2017,13.64000034
03-03-2017,13.35000038
02-03-2017,13.35999966
01-03-2017,13.57999992
28-02-2017,13.78999996
27-02-2017,13.68000031
23-02-2017,13.39999962
22-02-2017,13.69999981
21-02-2017,13.52999973
20-02-2017,13.60999966
17-02-2017,13.43000031
16-02-2017,13.72999954
15-02-2017,14.21000004
14-02-2017,13.80000019
13-02-2017,13.68999958
10-02-2017,13.18000031
09-02-2017,13.23999977
08-02-2017,13.35000038
07-02-2017,13.51000023
06-02-2017,13.39999962
03-02-2017,13.13000011
02-02-2017,13.52000046
01-02-2017,13.97000027
31-01-2017,16.82999992
30-01-2017,16.67000008
27-01-2017,16.01000023
25-01-2017,15.17000008
24-01-2017,15.28999996
23-01-2017,15.90999985
20-01-2017,15.78999996
19-01-2017,15.02000046
18-01-2017,15.18000031
17-01-2017,15.39000034
16-01-2017,15.06999969
13-01-2017,14.38000011
12-01-2017,14.60999966
11-01-2017,14.81000042
10-01-2017,15.19999981
09-01-2017,15.47999954
06-01-2017,14.90999985
05-01-2017,15.05000019
04-01-2017,15.89000034
03-01-2017,15.96000004
02-01-2017,15.82999992
30-12-2016,15.47000027
29-12-2016,15.27999973
28-12-2016,15.53999996
27-12-2016,15.07999992
26-12-2016,16.60000038
23-12-2016,15.13000011
22-12-2016,15.55000019
21-12-2016,14.71000004
20-12-2016,14.53999996
19-12-2016,14.84000015
16-12-2016,15.25
15-12-2016,15.65999985
14-12-2016,16.59000015
13-12-2016,15.92000008
12-12-2016,16.19000053
09-12-2016,15.06999969
08-12-2016,15.52999973
07-12-2016,16.85000038
06-12-2016,17.11000061
05-12-2016,17.29000092
02-12-2016,17.93000031
01-12-2016,16.69000053
30-11-2016,16.85000038
29-11-2016,17.70999908
28-11-2016,18.05999947
25-11-2016,17.61000061
24-11-2016,17.15999985
23-11-2016,18.04000092
22-11-2016,18.46999931
21-11-2016,19.10000038
18-11-2016,17.80999947
17-11-2016,18.70999908
16-11-2016,19.5
15-11-2016,20.14999962
11-11-2016,17.36000061
10-11-2016,15.46000004
09-11-2016,16.62000084
08-11-2016,16.77000046
07-11-2016,16.51000023
04-11-2016,16.85000038
03-11-2016,16.46999931
02-11-2016,16.79999924
01-11-2016,15.73999977
28-10-2016,14.64999962
27-10-2016,14.09000015
26-10-2016,14.44999981
25-10-2016,14.47999954
24-10-2016,14.32999992
21-10-2016,13.82999992
20-10-2016,14.17000008
19-10-2016,14.60999966
18-10-2016,14.53999996
17-10-2016,15.65999985
14-10-2016,14.89000034
13-10-2016,15.43000031
10-10-2016,14.28999996
07-10-2016,14.48999977
06-10-2016,14.84000015
05-10-2016,14.93000031
04-10-2016,14.98999977
03-10-2016,15.61999989
30-09-2016,17.18000031
29-09-2016,18.45000076
28-09-2016,13.85000038
27-09-2016,14.25
26-09-2016,14.56999969
23-09-2016,13.25
22-09-2016,13.34000015
21-09-2016,14.81000042
20-09-2016,14.77999973
19-09-2016,14.93999958
16-09-2016,14.57999992
15-09-2016,14.68000031
14-09-2016,14.76000023
12-09-2016,15.23999977
09-09-2016,13.22999954
08-09-2016,13.11999989
07-09-2016,13.14999962
06-09-2016,12.75
02-09-2016,12.93999958
01-09-2016,13.34000015
31-08-2016,13.23999977
30-08-2016,13.02000046
29-08-2016,13.17000008
26-08-2016,13.56999969
25-08-2016,13.28999996
24-08-2016,13.48999977
23-08-2016,13.89999962
22-08-2016,14.23999977
19-08-2016,14.53999996
18-08-2016,14.55000019
17-08-2016,14.77999973
16-08-2016,14.18000031
12-08-2016,13.77000046
11-08-2016,14.21000004
10-08-2016,14.92000008
09-08-2016,14.53999996
08-08-2016,14.59000015
05-08-2016,14.35000038
04-08-2016,15.14000034
03-08-2016,16.23999977
02-08-2016,15.68999958
01-08-2016,15.18000031
29-07-2016,14.92000008
28-07-2016,15.14999962
27-07-2016,15.43000031
26-07-2016,15.61999989
25-07-2016,15.72000027
22-07-2016,15.5
21-07-2016,15.71000004
20-07-2016,15.98999977
19-07-2016,15.80000019
18-07-2016,15.98999977
15-07-2016,15.64000034
14-07-2016,15.60999966
13-07-2016,15.32999992
12-07-2016,14.77999973
11-07-2016,14.85000038
08-07-2016,15.07999992
07-07-2016,15.31000042
05-07-2016,15.35999966
04-07-2016,15.57999992
01-07-2016,15.73999977
30-06-2016,16.29000092
29-06-2016,16.15999985
28-06-2016,17.72999954
27-06-2016,18.53000069
24-06-2016,18.62999916
23-06-2016,18.02000046
22-06-2016,18.18000031
21-06-2016,17.26000023
20-06-2016,17.52000046
17-06-2016,17.35000038
16-06-2016,17.70000076
15-06-2016,17.05999947
14-06-2016,17.19000053
13-06-2016,16.57999992
10-06-2016,15.97000027
09-06-2016,15.67000008
08-06-2016,15.14000034
07-06-2016,14.86999989
06-06-2016,15.35999966
03-06-2016,15
02-06-2016,15.09000015
01-06-2016,15.84000015
31-05-2016,16.04999924
30-05-2016,15.97999954
27-05-2016,15.26000023
26-05-2016,15.32999992
25-05-2016,15.52000046
24-05-2016,16.21999931
23-05-2016,16.15999985
20-05-2016,16.43000031
19-05-2016,17.05999947
18-05-2016,16.45000076
17-05-2016,16.37000084
16-05-2016,17.03000069
13-05-2016,17
12-05-2016,16.32999992
11-05-2016,16.95999908
10-05-2016,16.42000008
09-05-2016,16.61000061
06-05-2016,16.95000076
05-05-2016,17.17000008
04-05-2016,17.45000076
03-05-2016,17.45999908
02-05-2016,17.09000015
29-04-2016,16.54000092
28-04-2016,16.60000038
27-04-2016,16.35000038
26-04-2016,16.57999992
25-04-2016,16.56999969
22-04-2016,16.37999916
21-04-2016,16.51000023
20-04-2016,17.07999992
18-04-2016,16.95000076
13-04-2016,16.04000092
12-04-2016,16.02000046
11-04-2016,16.01000023
08-04-2016,16.43000031
07-04-2016,16.93000031
06-04-2016,17.35000038
05-04-2016,17.82999992
04-04-2016,17.45000076
01-04-2016,17.28000069
31-03-2016,16.57999992
30-03-2016,16.80999947
29-03-2016,17.63999939
28-03-2016,17.48999977
23-03-2016,16.35000038
22-03-2016,16.43000031
21-03-2016,16.32999992
18-03-2016,16.37999916
17-03-2016,16.84000015
16-03-2016,17.11000061
15-03-2016,17.60000038
14-03-2016,17.10000038
11-03-2016,17.10000038
10-03-2016,17.89999962
09-03-2016,17.51000023
08-03-2016,18.46999931
04-03-2016,17.87999916
03-03-2016,18.04000092
02-03-2016,18.98999977
01-03-2016,18.67000008
29-02-2016,20.15999985
26-02-2016,21.87000084
25-02-2016,22.75
24-02-2016,22.95999908
23-02-2016,23.84000015
22-02-2016,21.02000046
19-02-2016,20.92000008
18-02-2016,21.48999977
17-02-2016,21.82999992
16-02-2016,23.04000092
15-02-2016,22.37999916
12-02-2016,24.67000008
11-02-2016,25.96999931
10-02-2016,22.46999931
09-02-2016,21.72999954
08-02-2016,20.26000023
05-02-2016,18.11000061
04-02-2016,18.20999908
03-02-2016,18.59000015
02-02-2016,18.04000092
01-02-2016,17.88999939
29-01-2016,17.23999977
28-01-2016,17.89999962
27-01-2016,19.05999947
25-01-2016,18.27000046
22-01-2016,18.81999969
21-01-2016,20.80999947
20-01-2016,20.96999931
19-01-2016,18.43000031
18-01-2016,20.22999954
15-01-2016,19.42000008
14-01-2016,18.61000061
13-01-2016,18.35000038
12-01-2016,18.70999908
11-01-2016,18.69000053
08-01-2016,17.79999924
07-01-2016,18.95999908
06-01-2016,16.54999924
05-01-2016,16.70000076
04-01-2016,16.84000015
01-01-2016,14.26000023
31-12-2015,13.86999989
30-12-2015,14.35000038
29-12-2015,14.23999977
28-12-2015,14.39999962
24-12-2015,13.75
23-12-2015,13.64999962
22-12-2015,14.47999954
21-12-2015,14.22999954
18-12-2015,14.48999977
17-12-2015,14.22000027
16-12-2015,16.72999954
15-12-2015,17.34000015
14-12-2015,17.79999924
11-12-2015,17.18000031
10-12-2015,16.29000092
09-12-2015,16.72999954
08-12-2015,15.97000027
07-12-2015,15.86999989
04-12-2015,16.09000015
03-12-2015,16.05999947
02-12-2015,15.48999977
01-12-2015,15.64000034
30-11-2015,16.43000031
27-11-2015,16.72999954
26-11-2015,16.69000053
24-11-2015,16.25
23-11-2015,17.07999992
20-11-2015,15.89999962
19-11-2015,15.84000015
18-11-2015,17.42000008
17-11-2015,16.96999931
16-11-2015,17.87999916
13-11-2015,17.64999962
10-11-2015,16.82999992
09-11-2015,17.04000092
06-11-2015,19.46999931
05-11-2015,19.29000092
04-11-2015,19.36000061
03-11-2015,19.55999947
02-11-2015,19.47999954
30-10-2015,17.87999916
29-10-2015,17.57999992
28-10-2015,17.04000092
27-10-2015,16.54000092
26-10-2015,17.22999954
23-10-2015,16.19000053
21-10-2015,16.62000084
20-10-2015,17
19-10-2015,16.87999916
16-10-2015,16.27000046
15-10-2015,17.17000008
14-10-2015,17.71999931
13-10-2015,18.02000046
12-10-2015,19.12000084
09-10-2015,18.93000031
08-10-2015,19.55999947
07-10-2015,19.34000015
06-10-2015,19.30999947
05-10-2015,19.12999916
01-10-2015,19.23999977
30-09-2015,19.62999916
29-09-2015,21.56999969
28-09-2015,21.67000008
24-09-2015,20.87999916
23-09-2015,20.69000053
22-09-2015,20.35000038
21-09-2015,18.18000031
18-09-2015,18.29000092
16-09-2015,22
15-09-2015,23.73999977
14-09-2015,24.31999969
11-09-2015,24.97999954
10-09-2015,24.75
09-09-2015,24.29999924
08-09-2015,24.56999969
07-09-2015,26.35000038
04-09-2015,26.42000008
03-09-2015,24.12000084
02-09-2015,26.64999962
01-09-2015,28.71999931
31-08-2015,24.60000038
28-08-2015,23.32999992
27-08-2015,22.04000092
26-08-2015,25.52000046
25-08-2015,26.85000038
24-08-2015,28.12999916
21-08-2015,17.11000061
20-08-2015,16.97999954
19-08-2015,16.68000031
18-08-2015,16.36000061
17-08-2015,16.45999908
14-08-2015,16.02000046
13-08-2015,17.02000046
12-08-2015,17.45000076
11-08-2015,15.89000034
10-08-2015,15.47000027
07-08-2015,14.90999985
06-08-2015,14.72999954
05-08-2015,14.67000008
04-08-2015,14.82999992
03-08-2015,15.39000034
31-07-2015,14.56999969
30-07-2015,15.32999992
29-07-2015,15.88000011
28-07-2015,15.92000008
27-07-2015,16.37000084
24-07-2015,15.46000004
23-07-2015,15.52000046
22-07-2015,15.13000011
21-07-2015,15.10000038
20-07-2015,14.96000004
17-07-2015,14.80000019
16-07-2015,14.77999973
15-07-2015,15.56999969
14-07-2015,16.01000023
13-07-2015,16.27000046
10-07-2015,17.06999969
09-07-2015,17.44000053
08-07-2015,17.79000092
07-07-2015,16.30999947
06-07-2015,16.02000046
03-07-2015,16.30999947
02-07-2015,15.56000042
01-07-2015,15.85000038
30-06-2015,16.93000031
29-06-2015,17.29999924
26-06-2015,15.76000023
25-06-2015,15.93000031
24-06-2015,15.92000008
23-06-2015,15.03999996
22-06-2015,15.48999977
19-06-2015,15.09000015
18-06-2015,16.02000046
17-06-2015,16.72999954
16-06-2015,17.17000008
15-06-2015,17.52000046
12-06-2015,17.47999954
11-06-2015,17.80999947
10-06-2015,17.07999992
09-06-2015,18.01000023
08-06-2015,18.88999939
05-06-2015,18.09000015
04-06-2015,18.12000084
03-06-2015,17.51000023
02-06-2015,16.81999969
01-06-2015,16.90999985
29-05-2015,16.65999985
28-05-2015,17.12999916
27-05-2015,17.28000069
26-05-2015,17.06999969
25-05-2015,16.93000031
22-05-2015,16.95000076
21-05-2015,17.40999985
20-05-2015,17.71999931
19-05-2015,18.27000046
18-05-2015,17.89999962
15-05-2015,19.81999969
14-05-2015,20.70000076
13-05-2015,20.69000053
12-05-2015,20.54999924
11-05-2015,18.62999916
08-05-2015,19.11000061
07-05-2015,19.64999962
06-05-2015,19.67000008
05-05-2015,17.36000061
04-05-2015,17.30999947
30-04-2015,17.22999954
29-04-2015,17.23999977
28-04-2015,17.40999985
27-04-2015,18.73999977
24-04-2015,19.11000061
23-04-2015,18.5
22-04-2015,17.20999908
21-04-2015,17.03000069
20-04-2015,16.29999924
17-04-2015,15.03999996
16-04-2015,14.94999981
15-04-2015,14.61999989
13-04-2015,14.48999977
10-04-2015,14.26000023
09-04-2015,14.42000008
08-04-2015,14.35000038
07-04-2015,14.25
06-04-2015,14.56999969
01-04-2015,13.67000008
31-03-2015,14.48999977
30-03-2015,14.26000023
27-03-2015,14.5
26-03-2015,15.15999985
25-03-2015,13.14000034
24-03-2015,13.67000008
23-03-2015,14.27000046
20-03-2015,14.26000023
19-03-2015,15.19999981
18-03-2015,15.51000023
17-03-2015,15.13000011
16-03-2015,15.18000031
13-03-2015,14.97000027
12-03-2015,14.75
11-03-2015,15.13000011
10-03-2015,15.52999973
09-03-2015,15.81000042
05-03-2015,14.43999958
04-03-2015,15.19999981
03-03-2015,15.48999977
02-03-2015,15.85000038
27-02-2015,19.56999969
26-02-2015,20.57999992
25-02-2015,20.78000069
24-02-2015,21.54999924
23-02-2015,21.62999916
20-02-2015,21.27000046
19-02-2015,20.39999962
18-02-2015,20.90999985
16-02-2015,20.82999992
13-02-2015,20.10000038
12-02-2015,20.15999985
11-02-2015,20.5
10-02-2015,21.19000053
09-02-2015,22.02000046
06-02-2015,20.69000053
05-02-2015,20.62000084
04-02-2015,20.04999924
03-02-2015,19.80999947
02-02-2015,20.40999985
30-01-2015,20.17000008
29-01-2015,19.43000031
28-01-2015,19.77000046
27-01-2015,18.09000015
23-01-2015,17.88999939
22-01-2015,18.56999969
21-01-2015,17.70999908
20-01-2015,17.27000046
19-01-2015,17.64999962
16-01-2015,17.27000046
15-01-2015,16.15999985
14-01-2015,17.25
13-01-2015,16.47999954
12-01-2015,16.11000061
09-01-2015,15.96000004
08-01-2015,16.46999931
07-01-2015,18.13999939
06-01-2015,17.42000008
05-01-2015,14.14999962
02-01-2015,13.80000019
01-01-2015,15.02999973
31-12-2014,15.11999989
30-12-2014,14.85999966
29-12-2014,14.57999992
26-12-2014,14.64999962
24-12-2014,15.06999969
23-12-2014,15.30000019
22-12-2014,14.21000004
19-12-2014,14.51000023
18-12-2014,14.60000038
17-12-2014,16.93000031
16-12-2014,16.30999947
15-12-2014,14.02000046
12-12-2014,13.75
11-12-2014,12.77000046
10-12-2014,12.23999977
09-12-2014,12.5
08-12-2014,12.21000004
05-12-2014,11.94999981
04-12-2014,12.44999981
03-12-2014,12.36999989
02-12-2014,12.39999962
01-12-2014,13.19999981
28-11-2014,12.89999962
27-11-2014,12.73999977
26-11-2014,12.98999977
25-11-2014,13.52999973
24-11-2014,13.02000046
21-11-2014,13.85000038
20-11-2014,14.17000008
19-11-2014,14.35000038
18-11-2014,14.06999969
17-11-2014,14.40999985
14-11-2014,13.97000027
13-11-2014,13.80000019
12-11-2014,14.43999958
11-11-2014,14.80000019
10-11-2014,13.93000031
07-11-2014,14.10999966
05-11-2014,13.76000023
03-11-2014,13.73999977
31-10-2014,13.30000019
30-10-2014,13.27000046
29-10-2014,13.01000023
28-10-2014,13.31999969
27-10-2014,13.52000046
22-10-2014,13.02999973
21-10-2014,13.32999992
20-10-2014,14.18999958
17-10-2014,16.39999962
16-10-2014,16.43000031
14-10-2014,14.59000015
13-10-2014,14.5
10-10-2014,14.32999992
09-10-2014,13.15999985
08-10-2014,14.10999966
07-10-2014,14.46000004
01-10-2014,13
30-09-2014,13.14999962
29-09-2014,13.39000034
26-09-2014,12.93000031
25-09-2014,13.30000019
24-09-2014,12.53999996
23-09-2014,12.40999985
22-09-2014,11.56999969
19-09-2014,11.89000034
18-09-2014,12.32999992
17-09-2014,12.94999981
16-09-2014,13.27999973
15-09-2014,13.26000023
12-09-2014,12.36999989
11-09-2014,12.52000046
10-09-2014,12.93000031
09-09-2014,12.76000023
08-09-2014,12.78999996
05-09-2014,12.93999958
04-09-2014,13.07999992
03-09-2014,13.39000034
02-09-2014,13.44999981
01-09-2014,13.52999973
28-08-2014,13.06999969
27-08-2014,13.06000042
26-08-2014,13.89999962
25-08-2014,13.78999996
22-08-2014,13.61999989
21-08-2014,13.72999954
20-08-2014,13.65999985
19-08-2014,13.90999985
18-08-2014,13.5
14-08-2014,13.22000027
13-08-2014,13.76000023
12-08-2014,13.47000027
11-08-2014,14
08-08-2014,14.61999989
07-08-2014,14.14000034
06-08-2014,14.30000019
05-08-2014,13.94999981
04-08-2014,14.81999969
01-08-2014,15.22000027
31-07-2014,13.81999969
30-07-2014,13.89000034
28-07-2014,14.31999969
25-07-2014,14.22000027
24-07-2014,14.72000027
23-07-2014,14.68999958
22-07-2014,14.64000034
21-07-2014,14.89999962
18-07-2014,15.10000038
17-07-2014,14.97000027
16-07-2014,14.72999954
15-07-2014,14.77000046
14-07-2014,15.56000042
11-07-2014,15.72000027
10-07-2014,15.97000027
09-07-2014,18.19000053
08-07-2014,19.18000031
07-07-2014,19.40999985
04-07-2014,18.15999985
03-07-2014,17.80999947
02-07-2014,17.56999969
01-07-2014,17.65999985
30-06-2014,17.87000084
27-06-2014,17.62999916
26-06-2014,17.70000076
25-06-2014,18.30999947
24-06-2014,19.19000053
23-06-2014,18.95999908
20-06-2014,18.85000038
19-06-2014,18.73999977
18-06-2014,18.57999992
17-06-2014,17.70000076
16-06-2014,17.97999954
13-06-2014,17.76000023
12-06-2014,16.89999962
11-06-2014,17.05999947
10-06-2014,16.65999985
09-06-2014,17.10000038
06-06-2014,15.97999954
05-06-2014,15.44999981
04-06-2014,15.56999969
03-06-2014,15.80000019
02-06-2014,16.5
30-05-2014,16.34000015
29-05-2014,16.69000053
28-05-2014,17.55999947
27-05-2014,19.10000038
26-05-2014,19.84000015
23-05-2014,17.70000076
22-05-2014,17.84000015
21-05-2014,17.90999985
20-05-2014,19.22999954
19-05-2014,20.62999916
16-05-2014,24.29000092
15-05-2014,36.77000046
14-05-2014,32.41999817
13-05-2014,32.04999924
12-05-2014,37.09999847
09-05-2014,37.70999908
08-05-2014,34.29999924
07-05-2014,33.61000061
06-05-2014,33.27000046
05-05-2014,34.18999863
02-05-2014,33.06000137
30-04-2014,30.59000015
29-04-2014,31.04999924
28-04-2014,31.38999939
25-04-2014,30.68000031
23-04-2014,31.12999916
22-04-2014,33.34999847
21-04-2014,34.38999939
17-04-2014,30.85000038
16-04-2014,31.15999985
15-04-2014,31.87999916
11-04-2014,29.19000053
10-04-2014,28.71999931
09-04-2014,26.90999985
07-04-2014,24.95000076
04-04-2014,22.69000053
03-04-2014,22.11000061
02-04-2014,21.20999908
01-04-2014,20.69000053
31-03-2014,21.62000084
28-03-2014,18.62999916
27-03-2014,18.37000084
26-03-2014,17.77000046
25-03-2014,16.92000008
24-03-2014,16.54000092
21-03-2014,16.18000031
20-03-2014,16.90999985
19-03-2014,16.87999916
18-03-2014,17.12999916
14-03-2014,16.45000076
13-03-2014,16.81999969
12-03-2014,17.04000092
11-03-2014,17.32999992
10-03-2014,17.78000069
07-03-2014,16.71999931
06-03-2014,14.47999954
05-03-2014,13.84000015
04-03-2014,14.39000034
03-03-2014,15.27999973
28-02-2014,14.18000031
26-02-2014,13.96000004
25-02-2014,13.94999981
24-02-2014,14.35999966
21-02-2014,14.03999996
20-02-2014,15.15999985
19-02-2014,15.06999969
18-02-2014,15.40999985
17-02-2014,15.82999992
14-02-2014,16.65999985
13-02-2014,17.79999924
12-02-2014,17.43000031
11-02-2014,18.62999916
10-02-2014,19.04999924
07-02-2014,18.54999924
06-02-2014,18.94000053
05-02-2014,18.93000031
04-02-2014,18.69000053
03-02-2014,18.27000046
31-01-2014,16.81999969
30-01-2014,17.25
29-01-2014,18.04000092
28-01-2014,17.71999931
27-01-2014,18.67000008
24-01-2014,15.82999992
23-01-2014,15.57999992
22-01-2014,15.85000038
21-01-2014,15.55000019
20-01-2014,15.35000038
17-01-2014,15.40999985
16-01-2014,15.53999996
15-01-2014,15.42000008
14-01-2014,15.73999977
13-01-2014,15.94999981
10-01-2014,15.57999992
09-01-2014,16.18000031
08-01-2014,16.31999969
07-01-2014,16.31999969
06-01-2014,16.5
03-01-2014,15.86999989
02-01-2014,16.54999924
01-01-2014,15.57999992
31-12-2013,15.11999989
30-12-2013,15.07999992
27-12-2013,14.65999985
26-12-2013,14.88000011
24-12-2013,15.57999992
23-12-2013,16.26000023
20-12-2013,16.02000046
19-12-2013,16.57999992
18-12-2013,17.54000092
17-12-2013,18.32999992
16-12-2013,18.36000061
13-12-2013,17.84000015
12-12-2013,17.73999977
11-12-2013,17.54000092
10-12-2013,17.97999954
09-12-2013,19.15999985
06-12-2013,22.20999908
05-12-2013,21.68000031
04-12-2013,23.70999908
03-12-2013,24.71999931
02-12-2013,23.36000061
29-11-2013,21.37999916
28-11-2013,20.70999908
27-11-2013,21.13999939
26-11-2013,21.59000015
25-11-2013,21.04999924
22-11-2013,20.04000092
21-11-2013,21.13999939
20-11-2013,20.82999992
19-11-2013,19.29999924
18-11-2013,18.81999969
14-11-2013,19.26000023
13-11-2013,20.45000076
12-11-2013,20.86000061
11-11-2013,19.97999954
08-11-2013,19.63999939
07-11-2013,19.87000084
06-11-2013,20.25
05-11-2013,19.94000053
01-11-2013,18.63999939
31-10-2013,18.38999939
30-10-2013,19.53000069
29-10-2013,19.76000023
28-10-2013,21.29000092
25-10-2013,20.42000008
24-10-2013,20.63999939
23-10-2013,20.35000038
22-10-2013,19.95999908
21-10-2013,20.18000031
18-10-2013,20.12000084
17-10-2013,21.05999947
15-10-2013,23.23999977
14-10-2013,22.85000038
11-10-2013,23.59000015
10-10-2013,25.87999916
09-10-2013,25.87000084
08-10-2013,26.54999924
07-10-2013,26.82999992
04-10-2013,26.12999916
03-10-2013,25.17000008
01-10-2013,25.77000046
30-09-2013,26.64999962
27-09-2013,24.05999947
26-09-2013,24
25-09-2013,25.68000031
24-09-2013,26.71999931
23-09-2013,27.02000046
20-09-2013,24.72999954
19-09-2013,24.5
18-09-2013,27.69000053
17-09-2013,27.93000031
16-09-2013,28.81999969
13-09-2013,28.29000092
12-09-2013,29.70999908
11-09-2013,29.75
10-09-2013,29.44000053
06-09-2013,28.64999962
05-09-2013,28.53000069
04-09-2013,31.11000061
03-09-2013,32.49000168
02-09-2013,27.54999924
30-08-2013,27.80999947
29-08-2013,29.40999985
28-08-2013,32.38000107
27-08-2013,29.42000008
26-08-2013,26.37999916
23-08-2013,25.75
22-08-2013,29.05999947
21-08-2013,28.09000015
20-08-2013,27.22999954
19-08-2013,25.59000015
16-08-2013,23.63999939
14-08-2013,18.70000076
13-08-2013,19.26000023
12-08-2013,21.28000069
08-08-2013,21.19000053
07-08-2013,22.04000092
06-08-2013,22.72999954
05-08-2013,20.79999924
02-08-2013,20.88999939
01-08-2013,19.80999947
31-07-2013,18.77000046
30-07-2013,18.12000084
29-07-2013,18.25
26-07-2013,16.78000069
25-07-2013,16.71999931
24-07-2013,16.90999985
23-07-2013,16.71999931
22-07-2013,17.62999916
19-07-2013,18.12999916
18-07-2013,18.27000046
17-07-2013,19.36000061
16-07-2013,18.98999977
15-07-2013,18.79000092
12-07-2013,18.69000053
11-07-2013,18.88999939
10-07-2013,19.97999954
09-07-2013,19.31999969
08-07-2013,19.34000015
05-07-2013,18.67000008
04-07-2013,18.57999992
03-07-2013,18.90999985
02-07-2013,18.20999908
01-07-2013,18.09000015
28-06-2013,17.95000076
27-06-2013,18.85000038
26-06-2013,21.06999969
25-06-2013,21.13999939
24-06-2013,21.01000023
21-06-2013,19.03000069
20-06-2013,19.19000053
19-06-2013,18.45999908
18-06-2013,18.29000092
17-06-2013,18.18000031
14-06-2013,18.35000038
13-06-2013,19.44000053
12-06-2013,18.85000038
11-06-2013,19.48999977
10-06-2013,18.11000061
07-06-2013,17.35000038
06-06-2013,17.35000038
05-06-2013,16.78000069
04-06-2013,17.26000023
03-06-2013,17.29000092
31-05-2013,16.98999977
30-05-2013,16.04000092
29-05-2013,17.86000061
28-05-2013,17.12000084
27-05-2013,17.03000069
24-05-2013,17.70000076
23-05-2013,18.72999954
22-05-2013,17.71999931
21-05-2013,17.87999916
20-05-2013,17.70999908
17-05-2013,17.56999969
16-05-2013,17.73999977
15-05-2013,18.12999916
14-05-2013,17.17000008
13-05-2013,17.51000023
10-05-2013,16.86000061
09-05-2013,16.60000038
08-05-2013,16.76000023
07-05-2013,16.5
06-05-2013,15.84000015
03-05-2013,15.55000019
02-05-2013,16.28000069
30-04-2013,15.10000038
29-04-2013,14.32999992
26-04-2013,13.88000011
25-04-2013,14.19999981
23-04-2013,15.06999969
22-04-2013,16.21999931
18-04-2013,15.35999966
17-04-2013,16.36000061
16-04-2013,16.25
15-04-2013,16.61000061
12-04-2013,16.45000076
11-04-2013,16.96999931
10-04-2013,16.48999977
09-04-2013,16.81999969
08-04-2013,16.77000046
05-04-2013,16.15999985
04-04-2013,15.85000038
03-04-2013,14.86999989
02-04-2013,14.10000038
01-04-2013,14.85000038
28-03-2013,15.22000027
26-03-2013,15.80000019
25-03-2013,16.36000061
22-03-2013,15.53999996
21-03-2013,16.51000023
20-03-2013,16.65999985
19-03-2013,16.70999908
18-03-2013,15.85000038
15-03-2013,15.15999985
14-03-2013,14.65999985
13-03-2013,16.20000076
12-03-2013,15.13000011
11-03-2013,14.25
08-03-2013,13.34000015
07-03-2013,13.06999969
06-03-2013,13.39999962
05-03-2013,13.39000034
04-03-2013,13.67000008
01-03-2013,14.06000042
28-02-2013,14.85999966
27-02-2013,16.22999954
26-02-2013,17.36000061
25-02-2013,16.72999954
22-02-2013,16.79000092
21-02-2013,16.94000053
20-02-2013,15.60000038
19-02-2013,15.81000042
18-02-2013,16.29000092
15-02-2013,15.23999977
14-02-2013,15.09000015
13-02-2013,15.14000034
12-02-2013,15.31000042
11-02-2013,15.64999962
08-02-2013,15.15999985
07-02-2013,14.89000034
06-02-2013,14.26000023
05-02-2013,14.60999966
04-02-2013,14.34000015
01-02-2013,13.76000023
31-01-2013,14.13000011
30-01-2013,14.38000011
29-01-2013,14.47000027
28-01-2013,15.17000008
25-01-2013,14.77000046
24-01-2013,14.46000004
23-01-2013,13.67000008
22-01-2013,13.89000034
21-01-2013,13.65999985
18-01-2013,13.89000034
17-01-2013,14.01000023
16-01-2013,13.98999977
15-01-2013,13.57999992
14-01-2013,13.69999981
11-01-2013,13.22999954
10-01-2013,13.27000046
09-01-2013,13.31999969
08-01-2013,13.27000046
07-01-2013,13.92000008
04-01-2013,13.36999989
03-01-2013,13.47000027
02-01-2013,13.71000004
01-01-2013,13.68999958
31-12-2012,14.94999981
28-12-2012,13.63000011
27-12-2012,13.73999977
26-12-2012,14.10000038
24-12-2012,14.48999977
21-12-2012,14.63000011
20-12-2012,14.31999969
19-12-2012,14.47000027
18-12-2012,14.43999958
17-12-2012,14.92000008
14-12-2012,14.22999954
13-12-2012,14.71000004
12-12-2012,14.51000023
11-12-2012,14.67000008
10-12-2012,14.51000023
07-12-2012,14.96000004
06-12-2012,15.23999977
05-12-2012,16.62000084
04-12-2012,15.90999985
03-12-2012,15.61999989
30-11-2012,15.14999962
29-11-2012,15.36999989
27-11-2012,13.96000004
26-11-2012,14.67000008
23-11-2012,14.68000031
22-11-2012,14.90999985
21-11-2012,15.46000004
20-11-2012,15.81000042
19-11-2012,16.68000031
16-11-2012,16.21999931
15-11-2012,15.52999973
12-11-2012,14.85999966
09-11-2012,14.36999989
08-11-2012,14.22000027
07-11-2012,14.51000023
06-11-2012,15.21000004
05-11-2012,14.63000011
02-11-2012,13.65999985
01-11-2012,14.07999992
31-10-2012,14.39999962
30-10-2012,15.17000008
29-10-2012,15.11999989
25-10-2012,13.52000046
23-10-2012,13.71000004
22-10-2012,13.03999996
19-10-2012,14.53999996
18-10-2012,14.76000023
17-10-2012,15.17000008
16-10-2012,15.56999969
15-10-2012,15.89999962
12-10-2012,16.48999977
11-10-2012,16.48999977
10-10-2012,16.82999992
09-10-2012,16.79999924
08-10-2012,17.17000008
05-10-2012,16.78000069
04-10-2012,16.44000053
03-10-2012,16.5
01-10-2012,16.34000015
28-09-2012,16.15999985
27-09-2012,16.90999985
26-09-2012,16.96999931
25-09-2012,17.11000061
24-09-2012,18.82999992
21-09-2012,18.93000031
20-09-2012,18.62000084
18-09-2012,17.82999992
17-09-2012,17.78000069
14-09-2012,15.38000011
13-09-2012,15.67000008
12-09-2012,15.03999996
11-09-2012,15.38000011
10-09-2012,15.27000046
07-09-2012,15.26000023
06-09-2012,16.97999954
05-09-2012,17.01000023
04-09-2012,16.59000015
03-09-2012,17.28000069
31-08-2012,17.29999924
30-08-2012,16.67000008
29-08-2012,16.73999977
28-08-2012,16.35000038
27-08-2012,16.46999931
24-08-2012,16.15999985
23-08-2012,16.12000084
22-08-2012,16
21-08-2012,16.29999924
17-08-2012,15.72999954
16-08-2012,15.68999958
14-08-2012,15.64000034
13-08-2012,16.01000023
10-08-2012,16.06999969
09-08-2012,16.32999992
08-08-2012,16.37000084
07-08-2012,16.20999908
06-08-2012,16.21999931
03-08-2012,16.12000084
02-08-2012,16.77000046
01-08-2012,16.45000076
31-07-2012,16.01000023
30-07-2012,16.60000038
27-07-2012,16.44000053
26-07-2012,16.37000084
25-07-2012,16.75
24-07-2012,16.96999931
23-07-2012,18.65999985
20-07-2012,16.88999939
19-07-2012,16.37999916
18-07-2012,17.44000053
17-07-2012,17.78000069
16-07-2012,18.77000046
13-07-2012,18.26000023
12-07-2012,18.70999908
11-07-2012,18.38999939
10-07-2012,17.82999992
09-07-2012,18.71999931
06-07-2012,18.04000092
05-07-2012,18.35000038
04-07-2012,18.27000046
03-07-2012,18.55999947
02-07-2012,19.01000023
29-06-2012,19.07999992
28-06-2012,20.62000084
27-06-2012,20.37000084
26-06-2012,20.22999954
25-06-2012,21.56999969
22-06-2012,20.57999992
21-06-2012,19.94000053
20-06-2012,21.03000069
19-06-2012,21.43000031
18-06-2012,22.60000038
15-06-2012,25.54000092
14-06-2012,25.70999908
13-06-2012,24.36000061
12-06-2012,24.20000076
11-06-2012,25.02000046
08-06-2012,23.46999931
07-06-2012,23.63999939
06-06-2012,24.89999962
05-06-2012,26.26000023
04-06-2012,25.60000038
01-06-2012,26.77000046
31-05-2012,25.25
30-05-2012,25.29999924
29-05-2012,24.03000069
28-05-2012,23.68000031
25-05-2012,25.13999939
24-05-2012,25.48999977
23-05-2012,27.12999916
22-05-2012,24.38999939
21-05-2012,23.92000008
18-05-2012,23.54999924
17-05-2012,23.59000015
16-05-2012,23.70999908
15-05-2012,22.28000069
14-05-2012,23.26000023
11-05-2012,22.47999954
10-05-2012,22.71999931
09-05-2012,23.04000092
08-05-2012,22.15999985
07-05-2012,20.21999931
04-05-2012,21.12000084
03-05-2012,19.25
02-05-2012,18.54000092
30-04-2012,17.81999969
27-04-2012,17.88999939
26-04-2012,18.73999977
25-04-2012,18.94000053
24-04-2012,19.25
23-04-2012,21.56999969
20-04-2012,20.09000015
19-04-2012,19.35000038
18-04-2012,20.03000069
17-04-2012,20.30999947
16-04-2012,22.22999954
13-04-2012,22.75
12-04-2012,21.78000069
11-04-2012,22.29000092
10-04-2012,21.92000008
09-04-2012,22.32999992
04-04-2012,20.62999916
03-04-2012,20.01000023
02-04-2012,20.87999916
30-03-2012,22.37999916
29-03-2012,24.32999992
28-03-2012,24.87000084
27-03-2012,25.04999924
26-03-2012,26.73999977
23-03-2012,23.34000015
22-03-2012,24.77000046
21-03-2012,21
20-03-2012,21.94000053
19-03-2012,22.96999931
16-03-2012,23.12999916
15-03-2012,25.42000008
14-03-2012,24.71999931
13-03-2012,24.75
12-03-2012,26.27000046
09-03-2012,25.46999931
07-03-2012,26.32999992
06-03-2012,27.34000015
05-03-2012,28.92000008
02-03-2012,27.84000015
01-03-2012,27.67000008
29-02-2012,26.93000031
28-02-2012,25.85000038
27-02-2012,27.37999916
24-02-2012,24.81999969
23-02-2012,24.32999992
22-02-2012,26.79999924
21-02-2012,26.25
17-02-2012,24.18000031
16-02-2012,23.32999992
15-02-2012,22.10000038
14-02-2012,22.70999908
13-02-2012,23.70999908
10-02-2012,23.82999992
09-02-2012,23.29999924
08-02-2012,24.27000046
07-02-2012,24.90999985
06-02-2012,24.62000084
03-02-2012,24.09000015
02-02-2012,23.69000053
01-02-2012,22.88999939
31-01-2012,22.65999985
30-01-2012,23.45999908
27-01-2012,21.70000076
25-01-2012,21.02000046
24-01-2012,21.42000008
23-01-2012,22.13999939
20-01-2012,21.95999908
19-01-2012,21.68000031
18-01-2012,22.68000031
17-01-2012,22.61000061
16-01-2012,24.06999969
13-01-2012,23.47999954
12-01-2012,24.03000069
11-01-2012,24.54000092
10-01-2012,24
09-01-2012,25.68000031
06-01-2012,25.45999908
05-01-2012,25.90999985
04-01-2012,26.40999985
03-01-2012,26.15999985
02-01-2012,27.53000069
30-12-2011,27.11000061
29-12-2011,26.62000084
28-12-2011,26.73999977
27-12-2011,26.29000092
26-12-2011,26.60000038
23-12-2011,27.38999939
22-12-2011,26.84000015
21-12-2011,27.53000069
20-12-2011,30.53000069
19-12-2011,30.57999992
16-12-2011,29.69000053
15-12-2011,28.80999947
14-12-2011,28.79000092
13-12-2011,28.11000061
12-12-2011,29.27000046
09-12-2011,29.53000069
08-12-2011,28.57999992
07-12-2011,26.45999908
05-12-2011,25.02000046
02-12-2011,23.98999977
01-12-2011,25.02000046
30-11-2011,26.54999924
29-11-2011,26.87000084
28-11-2011,26.63999939
25-11-2011,29.12000084
24-11-2011,27.95000076
23-11-2011,30.68000031
22-11-2011,27.35000038
21-11-2011,28.61000061
18-11-2011,26.57999992
17-11-2011,26.92000008
16-11-2011,25.04000092
15-11-2011,25.96999931
14-11-2011,25.29000092
11-11-2011,24.73999977
09-11-2011,24.29999924
08-11-2011,23.70999908
04-11-2011,23.43000031
03-11-2011,24.65999985
02-11-2011,24.88999939
01-11-2011,24.02000046
31-10-2011,22.65999985
28-10-2011,20.88999939
25-10-2011,22.30999947
24-10-2011,25.21999931
21-10-2011,26.29999924
20-10-2011,25.60000038
19-10-2011,24.04999924
18-10-2011,25.89999962
17-10-2011,25.43000031
14-10-2011,25.97999954
13-10-2011,28.23999977
12-10-2011,28.40999985
11-10-2011,30.29999924
10-10-2011,30.03000069
07-10-2011,33.02000046
05-10-2011,35.36999893
04-10-2011,37.18999863
03-10-2011,35.06999969
30-09-2011,31.94000053
29-09-2011,31.06999969
28-09-2011,32
27-09-2011,32.00999832
26-09-2011,35.43000031
23-09-2011,35.15999985
22-09-2011,33.88000107
21-09-2011,27.67000008
20-09-2011,27.25
19-09-2011,29.60000038
16-09-2011,28.45000076
15-09-2011,30.79000092
14-09-2011,32.45000076
13-09-2011,32.77000046
12-09-2011,32.75
09-09-2011,28.14999962
08-09-2011,27.63999939
07-09-2011,27.86000061
06-09-2011,28.65999985
05-09-2011,27.82999992
02-09-2011,26.09000015
30-08-2011,24.87999916
29-08-2011,26.06999969
26-08-2011,33.25999832
25-08-2011,27.94000053
24-08-2011,28.60000038
23-08-2011,25.92000008
22-08-2011,27.07999992
19-08-2011,29.19000053
18-08-2011,27.45000076
17-08-2011,25.47999954
16-08-2011,26.45999908
12-08-2011,27.02000046
11-08-2011,29.09000015
10-08-2011,28.95000076
09-08-2011,34.88000107
08-08-2011,28.78000069
05-08-2011,24.89999962
04-08-2011,20.21999931
03-08-2011,19.47999954
02-08-2011,19.14999962
01-08-2011,18.78000069
29-07-2011,19.77000046
28-07-2011,18.51000023
27-07-2011,18.25
26-07-2011,19.29999924
25-07-2011,19.20000076
22-07-2011,17.90999985
21-07-2011,18.75
20-07-2011,19.11000061
19-07-2011,19.25
18-07-2011,20.20000076
15-07-2011,19.95000076
14-07-2011,19.96999931
13-07-2011,19.52000046
12-07-2011,20.82999992
11-07-2011,19.69000053
08-07-2011,18.67000008
07-07-2011,18.62000084
06-07-2011,18.34000015
05-07-2011,18.25
04-07-2011,18.17000008
01-07-2011,18.20999908
30-06-2011,18.40999985
29-06-2011,19.45999908
28-06-2011,19.48999977
27-06-2011,19.98999977
24-06-2011,19.31999969
23-06-2011,19.5
22-06-2011,20.88999939
21-06-2011,21.30999947
20-06-2011,22.18000031
17-06-2011,20.27000046
16-06-2011,19.65999985
15-06-2011,19.13999939
14-06-2011,18.51000023
13-06-2011,18.90999985
10-06-2011,18.54000092
09-06-2011,18.57999992
08-06-2011,18.57999992
07-06-2011,18.03000069
06-06-2011,18.20999908
03-06-2011,17.61000061
02-06-2011,17.97999954
01-06-2011,16.72999954
31-05-2011,16.81999969
30-05-2011,17.87000084
27-05-2011,17.25
26-05-2011,19.18000031
25-05-2011,20.65999985
24-05-2011,19.93000031
23-05-2011,21.04000092
20-05-2011,19.45000076
19-05-2011,20.40999985
18-05-2011,20.70999908
17-05-2011,21.03000069
16-05-2011,21.45999908
13-05-2011,20.62999916
12-05-2011,21.22999954
11-05-2011,21.23999977
10-05-2011,21.73999977
09-05-2011,21.5
06-05-2011,20.96999931
05-05-2011,21.60000038
04-05-2011,21.18000031
03-05-2011,21.57999992
02-05-2011,20.87999916
29-04-2011,19.57999992
28-04-2011,20.92000008
27-04-2011,21.35000038
26-04-2011,21.70999908
25-04-2011,20.90999985
21-04-2011,20.51000023
20-04-2011,20.98999977
19-04-2011,22.06999969
18-04-2011,22.45000076
15-04-2011,21.59000015
13-04-2011,20.40999985
11-04-2011,21.23999977
08-04-2011,20.54000092
07-04-2011,20.31999969
06-04-2011,20.36000061
05-04-2011,19.89999962
04-04-2011,20.05999947
01-04-2011,20.11000061
