Date,FII_Gross_Purchase,FII_Gross_Sales,FII_Net_Purchase_Sales,DII_Gross_Purchase,DII_Gross_Sales,DII_Net_Purchase_Sales
29-Dec-16,"4,487.84","5,150.13",-662.29,"3,094.12","2,136.29",957.83
28-Dec-16,"2,294.86","2,821.92",-527.06,"2,206.64","1,381.80",824.84
27-Dec-16,"1,630.58","2,342.75",-712.17,"2,558.64","1,056.23","1,502.41"
26-Dec-16,987.6,"2,082.64","-1,095.04","2,106.71","1,041.32","1,065.39"
23-Dec-16,"2,073.85","3,536.50","-1,462.65","2,624.87","1,009.93","1,614.94"
22-Dec-16,"3,652.17","4,266.57",-614.4,"1,891.26","1,571.47",319.79
21-Dec-16,"3,610.69","4,788.77","-1,178.08","2,097.80","1,039.84","1,057.96"
20-Dec-16,"3,278.43","3,964.36",-685.93,"1,798.47","1,379.54",418.93
19-Dec-16,"3,078.44","3,614.21",-535.77,"1,811.32","1,254.96",556.36
16-Dec-16,"6,835.01","6,925.37",-90.36,"2,184.45","2,153.97",30.48
15-Dec-16,"3,780.65","4,392.62",-611.97,"1,989.21","2,166.69",-177.48
14-Dec-16,"4,178.33","4,810.62",-632.29,"1,749.48","1,538.62",210.86
13-Dec-16,"3,969.39","6,150.42","-2,181.03","1,531.99","1,353.07",178.92
12-Dec-16,"2,550.99","2,645.44",-94.45,962.26,"1,228.46",-266.2
09-Dec-16,"3,662.72","3,462.20",200.52,"1,608.44","1,318.87",289.57
08-Dec-16,"4,322.71","3,623.85",698.86,"1,606.08","1,541.76",64.32
07-Dec-16,"3,941.02","3,747.36",193.66,"1,731.59","1,787.87",-56.28
06-Dec-16,"3,109.03","2,947.23",161.8,"1,162.70","1,327.38",-164.68
05-Dec-16,"3,332.96","3,650.81",-317.85,"1,381.33","1,217.69",163.64
02-Dec-16,"4,041.40","4,231.92",-190.52,"1,637.36","2,055.94",-418.58
01-Dec-16,"3,499.65","3,902.27",-402.62,"1,879.47","1,641.66",237.81
29-Nov-16,"4,684.10","5,399.40",-715.3,"2,168.59","1,634.39",534.2
28-Nov-16,"3,960.46","5,396.86","-1,436.40","2,494.85","1,261.06","1,233.79"
25-Nov-16,"3,849.34","4,222.22",-372.88,"2,695.81","1,697.97",997.84
24-Nov-16,"6,175.67","8,185.82","-2,010.15","3,819.15","2,170.93","1,648.22"
23-Nov-16,"4,265.03","5,288.15","-1,023.12","2,695.57","1,440.90","1,254.67"
22-Nov-16,"4,418.49","5,111.34",-692.85,"2,727.86","1,652.66","1,075.20"
21-Nov-16,"4,323.60","5,634.42","-1,310.82","2,635.37","1,424.36","1,211.01"
18-Nov-16,"4,112.43","5,038.75",-926.32,"2,641.10","1,497.66","1,143.44"
17-Nov-16,"4,577.69","5,561.62",-983.93,"2,789.11","1,644.96","1,144.15"
16-Nov-16,"7,341.61","9,298.65","-1,957.04","4,887.66","2,543.35","2,344.31"
15-Nov-16,"8,957.98","11,311.80","-2,353.82","4,810.16","4,914.99",-104.83
11-Nov-16,"5,048.86","6,542.13","-1,493.27","2,887.44","2,822.72",64.72
10-Nov-16,"5,591.93","6,325.42",-733.49,"2,999.80","2,360.61",639.19
09-Nov-16,"5,107.63","7,202.63","-2,095.00","4,753.76","3,637.45","1,116.31"
08-Nov-16,"3,612.74","3,526.08",86.66,"2,351.69","2,057.63",294.06
07-Nov-16,"4,407.65","4,096.47",311.18,"3,530.80","2,750.94",779.86
04-Nov-16,"4,277.18","4,620.48",-343.3,"5,115.39","4,025.53","1,089.86"
03-Nov-16,"3,060.22","3,766.99",-706.77,"2,775.42","2,240.44",534.98
02-Nov-16,"3,625.45","4,292.82",-667.37,"2,376.08","1,968.81",407.27
01-Nov-16,"4,897.30","5,021.26",-123.96,"2,226.90","2,034.80",192.1
29-Nov-16,"4,684.10","5,399.40",-715.3,"2,168.59","1,634.39",534.2
28-Nov-16,"3,960.46","5,396.86","-1,436.40","2,494.85","1,261.06","1,233.79"
25-Nov-16,"3,849.34","4,222.22",-372.88,"2,695.81","1,697.97",997.84
24-Nov-16,"6,175.67","8,185.82","-2,010.15","3,819.15","2,170.93","1,648.22"
23-Nov-16,"4,265.03","5,288.15","-1,023.12","2,695.57","1,440.90","1,254.67"
22-Nov-16,"4,418.49","5,111.34",-692.85,"2,727.86","1,652.66","1,075.20"
21-Nov-16,"4,323.60","5,634.42","-1,310.82","2,635.37","1,424.36","1,211.01"
18-Nov-16,"4,112.43","5,038.75",-926.32,"2,641.10","1,497.66","1,143.44"
17-Nov-16,"4,577.69","5,561.62",-983.93,"2,789.11","1,644.96","1,144.15"
16-Nov-16,"7,341.61","9,298.65","-1,957.04","4,887.66","2,543.35","2,344.31"
15-Nov-16,"8,957.98","11,311.80","-2,353.82","4,810.16","4,914.99",-104.83
11-Nov-16,"5,048.86","6,542.13","-1,493.27","2,887.44","2,822.72",64.72
10-Nov-16,"5,591.93","6,325.42",-733.49,"2,999.80","2,360.61",639.19
09-Nov-16,"5,107.63","7,202.63","-2,095.00","4,753.76","3,637.45","1,116.31"
08-Nov-16,"3,612.74","3,526.08",86.66,"2,351.69","2,057.63",294.06
07-Nov-16,"4,407.65","4,096.47",311.18,"3,530.80","2,750.94",779.86
04-Nov-16,"4,277.18","4,620.48",-343.3,"5,115.39","4,025.53","1,089.86"
03-Nov-16,"3,060.22","3,766.99",-706.77,"2,775.42","2,240.44",534.98
02-Nov-16,"3,625.45","4,292.82",-667.37,"2,376.08","1,968.81",407.27
01-Nov-16,"4,897.30","5,021.26",-123.96,"2,226.90","2,034.80",192.1
30-Oct-16,17.21,123.98,-106.77,30.96,17.81,13.15
28-Oct-16,"4,634.23","5,411.81",-777.58,"2,926.42","1,802.34","1,124.08"
27-Oct-16,"6,195.80","6,665.73",-469.93,"3,291.89","2,435.39",856.5
26-Oct-16,"3,905.18","5,355.83","-1,450.65","2,825.97","1,836.51",989.46
25-Oct-16,"3,471.76","4,078.10",-606.34,"2,104.76","1,715.65",389.11
24-Oct-16,"3,014.06","3,339.19",-325.13,"2,119.48","1,786.22",333.26
21-Oct-16,"3,501.42","3,774.33",-272.91,"2,517.59","2,017.22",500.37
20-Oct-16,"2,751.57","2,744.27",7.3,"2,480.70","1,897.48",583.22
19-Oct-16,"4,218.46","4,501.23",-282.77,"2,711.43","1,986.79",724.64
18-Oct-16,"5,626.87","5,281.83",345.04,"2,323.82","2,150.46",173.36
17-Oct-16,"4,487.25","4,943.89",-456.64,"2,404.48","2,168.91",235.57
14-Oct-16,"3,983.06","4,929.48",-946.42,"2,837.80","2,280.90",556.9
13-Oct-16,"6,244.03","7,155.56",-911.53,"2,933.90","2,254.41",679.49
10-Oct-16,"1,742.57","2,289.83",-547.26,"2,058.51","1,589.55",468.96
07-Oct-16,"3,298.23","3,241.98",56.25,"2,566.65","1,839.85",726.8
06-Oct-16,"3,596.12","3,242.32",353.8,"2,285.17","2,409.62",-124.45
05-Oct-16,"3,449.13","3,206.13",243,"2,079.91","2,429.77",-349.86
04-Oct-16,"4,779.15","4,435.02",344.13,"2,315.48","2,487.71",-172.23
03-Oct-16,"3,745.10","3,710.88",34.22,"2,479.59","2,281.57",198.02
30-Sep-16,"4,474.94","5,503.25","-1,028.31","3,165.92","1,605.63","1,560.29"
29-Sep-16,"11,460.35","8,046.98","3,413.37","5,372.98","3,742.10","1,630.88"
28-Sep-16,"4,766.15","4,692.32",73.83,"2,262.73","2,332.26",-69.53
27-Sep-16,"3,650.87","3,806.63",-155.76,"2,225.44","2,134.77",90.67
26-Sep-16,"4,381.46","4,587.86",-206.4,"2,396.31","2,509.66",-113.35
23-Sep-16,"5,753.41","6,053.39",-299.98,"2,917.21","2,421.07",496.14
22-Sep-16,"4,744.31","4,407.44",336.87,"2,715.69","2,405.34",310.35
21-Sep-16,"4,216.63","4,032.78",183.85,"2,140.41","2,371.00",-230.59
20-Sep-16,"4,118.64","5,265.57","-1,146.93","3,118.97","2,341.45",777.52
19-Sep-16,"4,070.93","3,865.55",205.38,"2,040.24","2,292.52",-252.28
16-Sep-16,"11,227.46","10,566.87",660.59,"2,589.56","2,802.69",-213.13
15-Sep-16,"3,406.73","3,061.31",345.42,"1,804.95","2,261.86",-456.91
14-Sep-16,"4,569.10","5,046.43",-477.33,"2,399.36","2,407.89",-8.53
12-Sep-16,"3,565.83","4,159.44",-593.61,"2,644.40","2,657.30",-12.9
09-Sep-16,"4,006.88","4,322.12",-315.24,"1,899.86","2,228.12",-328.26
08-Sep-16,"4,671.07","4,559.66",111.41,"2,152.05","2,739.48",-587.43
07-Sep-16,"5,606.66","4,752.60",854.06,"2,406.07","3,174.62",-768.55
06-Sep-16,"5,512.56","4,073.84","1,438.72","2,146.33","2,414.54",-268.21
02-Sep-16,"3,617.63","3,386.44",231.19,"2,590.57","2,455.69",134.88
01-Sep-16,"3,344.28","3,645.79",-301.51,"2,451.15","2,142.99",308.16
30-Aug-16,"4,118.10","3,727.47",390.63,"2,443.53","1,958.39",485.14
29-Aug-16,"3,193.00","2,906.48",286.52,"1,695.11","1,677.62",17.49
26-Aug-16,"3,110.76","2,769.41",341.35,"1,734.67","2,001.10",-266.43
25-Aug-16,"5,619.37","5,991.45",-372.08,"2,996.01","3,353.03",-357.02
24-Aug-16,"3,092.45","3,131.73",-39.28,"2,186.71","2,057.53",129.18
23-Aug-16,"3,587.31","3,587.50",-0.19,"1,729.99","2,181.86",-451.87
22-Aug-16,"3,310.95","3,611.45",-300.5,"1,778.26","1,725.76",52.5
19-Aug-16,"4,275.47","3,865.53",409.94,"2,088.81","1,982.62",106.19
18-Aug-16,"4,239.15","4,076.98",162.17,"2,261.31","2,275.73",-14.42
17-Aug-16,"4,033.12","4,033.07",0.05,"1,647.46","1,736.83",-89.37
16-Aug-16,"7,238.07","6,553.34",684.73,"1,714.96","1,823.94",-108.98
12-Aug-16,"5,754.75","4,551.04","1,203.71","1,908.44","2,300.91",-392.47
11-Aug-16,"4,981.46","4,373.11",608.35,"1,870.93","2,492.58",-621.65
10-Aug-16,"4,219.07","3,806.51",412.56,"1,811.91","2,559.18",-747.27
09-Aug-16,"4,819.72","4,675.57",144.15,"2,302.67","2,912.82",-610.15
08-Aug-16,"5,196.48","4,040.29","1,156.19","1,488.90","2,365.24",-876.34
05-Aug-16,"4,264.48","3,828.85",435.63,"2,163.06","1,546.74",616.32
04-Aug-16,"4,144.11","3,584.62",559.49,"1,682.14","2,209.25",-527.11
03-Aug-16,"4,698.80","4,120.63",578.17,"1,674.42","2,475.17",-800.75
02-Aug-16,"4,914.92","4,378.65",536.27,"2,234.26","2,617.49",-383.23
01-Aug-16,"5,928.19","5,201.97",726.22,"2,159.81","2,573.58",-413.77
29-Jul-16,"5,566.32","5,580.34",-14.02,"2,407.01","2,258.67",148.34
28-Jul-16,"8,470.01","6,702.95","1,767.06","2,770.94","3,845.41","-1,074.47"
27-Jul-16,"4,862.01","4,457.32",404.69,"2,554.71","2,707.18",-152.47
26-Jul-16,"5,488.54","4,817.65",670.89,"1,902.21","2,320.50",-418.29
25-Jul-16,"5,020.39","4,129.38",891.01,"1,823.28","1,891.17",-67.89
22-Jul-16,"3,865.06","3,427.28",437.78,"1,609.74","1,975.41",-365.67
21-Jul-16,"4,293.45","3,873.23",420.22,"1,865.28","2,237.68",-372.4
20-Jul-16,"4,669.70","4,454.49",215.21,"2,373.99","2,419.44",-45.45
19-Jul-16,"4,237.66","3,688.76",548.9,"1,737.67","2,115.10",-377.43
18-Jul-16,"4,126.50","3,527.41",599.09,"1,615.85","2,054.94",-439.09
15-Jul-16,"5,823.50","4,362.24","1,461.26","2,439.65","3,473.62","-1,033.97"
14-Jul-16,"3,861.29","2,991.45",869.84,"1,445.86","2,320.01",-874.15
13-Jul-16,"5,041.83","4,751.30",290.53,"1,912.86","2,567.59",-654.73
12-Jul-16,"4,115.94","3,903.02",212.92,"2,150.98","2,031.71",119.27
11-Jul-16,"4,865.31","3,809.51","1,055.80","1,519.64","2,130.21",-610.57
08-Jul-16,"4,059.13","3,728.51",330.62,"1,217.46","1,730.13",-512.67
07-Jul-16,"4,306.44","4,605.95",-299.51,"1,390.76","1,550.74",-159.98
05-Jul-16,"3,237.69","2,972.06",265.63,"1,214.93","1,662.41",-447.48
04-Jul-16,"2,992.70","2,810.42",182.28,"1,939.80","1,562.35",377.45
01-Jul-16,"3,086.32","3,273.83",-187.51,"2,747.46","1,840.41",907.05
29-Jun-16,"3,567.28","3,464.37",102.91,"1,565.76","1,585.95",-20.19
28-Jun-16,"3,665.15","3,855.58",-190.43,"1,572.52","1,815.23",-242.71
27-Jun-16,"3,420.30","3,566.41",-146.11,"1,434.81","1,581.88",-147.07
24-Jun-16,"3,865.55","4,494.69",-629.14,"2,968.90","2,853.96",114.94
23-Jun-16,"3,185.92","3,104.05",81.87,"1,656.05","1,452.49",203.56
22-Jun-16,"2,841.18","2,882.28",-41.1,"1,856.33","1,494.99",361.34
21-Jun-16,"3,714.27","3,229.61",484.66,"1,270.14","1,605.67",-335.53
20-Jun-16,"3,065.40","3,602.86",-537.46,"2,104.40","1,380.34",724.06
17-Jun-16,"4,650.86","4,618.90",31.96,"1,538.47","1,564.68",-26.21
16-Jun-16,"3,061.12","3,217.87",-156.75,"1,802.70","1,965.70",-163
15-Jun-16,"3,160.24","3,268.47",-108.23,"1,671.85","1,437.75",234.1
14-Jun-16,"2,886.71","3,000.07",-113.36,"1,303.96","1,336.23",-32.27
13-Jun-16,"3,847.70","3,635.46",212.24,"1,089.23","1,687.06",-597.83
10-Jun-16,"3,510.34","3,309.02",201.32,"1,399.39","1,565.01",-165.62
09-Jun-16,"3,552.00","3,317.80",234.2,"1,507.03","1,824.77",-317.74
08-Jun-16,"4,207.27","3,678.11",529.16,"1,263.74","1,521.50",-257.76
07-Jun-16,"6,011.96","5,512.23",499.73,"1,657.55","1,611.22",46.33
06-Jun-16,"5,016.42","4,988.12",28.3,"1,288.99","1,519.62",-230.63
03-Jun-16,"5,571.69","3,986.68","1,585.01","1,439.25","1,832.46",-393.21
02-Jun-16,"4,472.29","3,950.44",521.85,"1,160.57","1,737.43",-576.86
01-Jun-16,"3,986.33","3,726.43",259.9,"1,258.41","1,418.90",-160.49
30-May-16,"4,100.58","3,745.04",355.54,"1,318.83","1,529.92",-211.09
27-May-16,"4,618.93","4,139.04",479.89,"2,021.94","1,952.60",69.34
26-May-16,"6,476.35","5,895.06",581.29,"3,047.60","2,362.23",685.37
25-May-16,"3,741.39","3,246.31",495.08,"1,891.38","1,554.16",337.22
24-May-16,"3,561.80","4,377.33",-815.53,"2,130.20","1,140.25",989.95
23-May-16,"3,089.85","3,155.45",-65.6,"1,646.35","1,814.12",-167.77
20-May-16,"2,997.75","3,741.61",-743.86,"1,683.31","1,085.82",597.49
19-May-16,"4,205.43","4,970.01",-764.58,"2,725.61","1,241.96","1,483.65"
18-May-16,"3,809.48","4,060.18",-250.7,"1,619.99","1,380.08",239.91
16-May-16,"3,888.85","3,968.69",-79.84,"1,480.40","1,608.31",-127.91
13-May-16,"5,590.51","4,096.63","1,493.88","2,213.76","1,546.73",667.03
12-May-16,"3,483.87","3,459.73",24.14,"1,553.11","1,294.76",258.35
11-May-16,"4,131.71","4,493.90",-362.19,"2,166.17","1,436.58",729.59
10-May-16,"3,858.41","3,529.82",328.59,"1,647.05","1,578.85",68.2
09-May-16,"3,900.44","3,676.04",224.4,"1,787.25","1,436.65",350.6
06-May-16,"2,768.13","2,740.42",27.71,"1,154.35",974.55,179.8
05-May-16,"3,721.95","4,110.46",-388.51,"1,397.92","1,146.13",251.79
04-May-16,"3,705.95","3,772.40",-66.45,"1,664.67","1,743.47",-78.8
03-May-16,"3,598.55","4,353.83",-755.28,"1,945.94","1,461.30",484.64
02-May-16,"2,977.66","2,542.73",434.93,944.81,"1,054.37",-109.56
29-Apr-16,"4,399.71","4,605.01",-205.3,"1,649.24","1,621.11",28.13
28-Apr-16,"9,061.04","8,940.41",120.63,"2,245.92","2,662.13",-416.21
27-Apr-16,"4,412.63","4,001.63",411,"1,656.53","1,951.60",-295.07
26-Apr-16,"4,855.69","4,343.47",512.22,"1,488.41","1,467.20",21.21
25-Apr-16,"5,698.59","5,476.25",222.34,"1,075.18","1,823.13",-747.95
22-Apr-16,"3,701.43","3,510.36",191.07,"1,500.28","1,668.92",-168.64
21-Apr-16,"5,625.66","4,820.24",805.42,"2,168.30","2,102.58",65.72
20-Apr-16,"6,021.67","6,101.77",-80.1,"1,363.42","1,663.51",-300.09
18-Apr-16,"6,118.62","5,140.64",977.98,"1,628.89","1,942.11",-313.22
13-Apr-16,"4,923.76","4,279.49",644.27,"2,519.32","2,249.43",269.89
08-Apr-16,"2,609.08","2,428.81",180.27,"1,235.43","1,394.44",-159.01
06-Apr-16,"2,600.13","3,093.69",-493.56,"1,727.29","1,468.61",258.68
05-Apr-16,"3,262.01","4,062.80",-800.79,"1,737.74","1,681.89",55.85
04-Apr-16,"2,948.11","2,711.29",236.82,"1,311.55","1,645.29",-333.74
01-Apr-16,"3,725.52","3,511.51",214.01,"1,159.75","1,679.66",-519.91
31-Mar-16,"11,230.72","7,174.10","4,056.62","3,473.08","6,363.65","-2,890.57"
30-Mar-16,"5,866.32","4,423.85","1,442.47","1,907.34","2,304.24",-396.9
29-Mar-16,"4,577.65","4,064.20",513.45,"1,834.08","2,390.77",-556.69
28-Mar-16,"5,346.52","3,303.58","2,042.94","1,408.82","3,903.26","-2,494.44"
23-Mar-16,"3,923.97","2,947.06",976.91,"1,596.53","2,619.11","-1,022.58"
22-Mar-16,"4,945.28","3,849.84","1,095.44","1,167.84","2,098.21",-930.37
21-Mar-16,"4,791.88","3,395.55","1,396.33","1,497.69","2,116.46",-618.77
18-Mar-16,"7,132.64","5,420.02","1,712.62","1,570.77","1,974.14",-403.37
17-Mar-16,"4,997.97","4,253.48",744.49,"1,945.25","2,113.63",-168.38
16-Mar-16,"3,675.19","3,049.61",625.58,"1,031.87","1,712.03",-680.16
15-Mar-16,"3,789.67","3,843.68",-54.01,"1,512.28","1,814.59",-302.31
14-Mar-16,"5,564.95","4,529.32","1,035.63","1,076.66","1,882.00",-805.34
11-Mar-16,"3,499.01","3,120.65",378.36,"1,163.15","1,595.96",-432.81
10-Mar-16,"4,727.42","3,664.31","1,063.11",952.06,"1,550.09",-598.03
09-Mar-16,"4,868.19","4,405.33",462.86,"1,170.71","1,994.27",-823.56
08-Mar-16,"7,088.18","6,313.11",775.07,800.77,"2,142.28","-1,341.51"
04-Mar-16,"4,231.60","3,560.03",671.57,"1,393.43","1,926.53",-533.1
03-Mar-16,"4,363.82","3,451.84",911.98,"1,845.35","2,310.10",-464.75
02-Mar-16,"5,877.60","4,440.10","1,437.50","2,024.92","2,618.59",-593.67
01-Mar-16,"7,504.37","4,591.78","2,912.59","2,203.55","3,038.14",-834.59
26-Feb-16,"2,807.45","3,502.82",-695.37,"2,043.48","1,259.34",784.14
25-Feb-16,"4,959.80","6,425.48","-1,465.68","2,569.20","1,762.23",806.97
24-Feb-16,"2,953.79","3,684.78",-730.99,"1,484.16",878.28,605.88
23-Feb-16,"3,356.14","3,645.80",-289.66,"1,385.32","1,127.39",257.93
22-Feb-16,"2,617.38","3,274.31",-656.93,"1,377.85",779.98,597.87
19-Feb-16,"2,772.85","2,964.58",-191.73,881.27,864.74,16.53
18-Feb-16,"4,096.46","3,677.82",418.64,"1,663.25",951.13,712.12
17-Feb-16,"3,029.01","3,589.01",-560,"1,511.72","1,127.19",384.53
16-Feb-16,"2,898.07","3,862.26",-964.19,"1,525.18",934.45,590.73
15-Feb-16,"3,661.07","4,972.66","-1,311.59","3,223.71","1,236.26","1,987.45"
12-Feb-16,"4,689.99","5,088.36",-398.37,"2,916.73","2,371.66",545.07
11-Feb-16,"2,976.24","4,088.90","-1,112.66","2,953.99","1,731.87","1,222.12"
10-Feb-16,"3,632.66","4,383.99",-751.33,"2,106.71","1,909.79",196.92
09-Feb-16,"1,990.00","2,670.70",-680.7,"1,634.92","1,809.06",-174.14
08-Feb-16,"1,853.26","1,937.82",-84.56,"1,531.24","1,251.75",279.49
05-Feb-16,"3,051.02","3,657.85",-606.83,"2,518.01","1,757.99",760.02
04-Feb-16,"3,121.98","3,317.90",-195.92,"2,040.07","1,563.63",476.44
03-Feb-16,"3,160.51","3,517.64",-357.13,"1,455.23","1,600.01",-144.78
02-Feb-16,"4,102.58","4,216.56",-113.98,"1,346.11","1,669.34",-323.23
01-Feb-16,"4,211.32","3,957.44",253.88,"1,104.50","1,640.20",-535.7
29-Jan-16,"5,632.66","5,060.96",571.7,"2,121.61","1,881.59",240.02
28-Jan-16,"5,889.83","6,851.65",-961.82,"2,872.07","2,477.85",394.22
27-Jan-16,"4,355.00","4,721.93",-366.93,"1,583.49","1,083.50",499.99
25-Jan-16,"3,261.63","3,352.78",-91.15,"1,272.53",964.64,307.89
22-Jan-16,"3,920.30","4,690.13",-769.83,"2,310.90","1,395.30",915.6
21-Jan-16,"4,042.16","5,789.39","-1,747.23","2,544.12","1,276.38","1,267.74"
20-Jan-16,"3,854.92","5,179.61","-1,324.69","2,882.52","1,499.38","1,383.14"
19-Jan-16,"2,695.97","3,553.67",-857.7,"2,691.27","1,304.44","1,386.83"
18-Jan-16,"3,140.59","4,344.43","-1,203.84","2,667.92","1,545.12","1,122.80"
15-Jan-16,"3,172.68","4,296.47","-1,123.79","2,320.25","1,631.41",688.84
14-Jan-16,"3,096.69","4,318.66","-1,221.97","3,281.53","1,755.31","1,526.22"
13-Jan-16,"4,316.56","4,392.46",-75.9,"2,503.24","1,884.45",618.79
12-Jan-16,"3,090.47","3,631.46",-540.99,"1,860.65","1,719.40",141.25
11-Jan-16,"3,157.82","4,477.06","-1,319.24","1,848.47",947.48,900.99
08-Jan-16,"3,802.86","5,039.81","-1,236.95","2,200.62","1,196.63","1,003.99"
07-Jan-16,"3,610.14","4,661.88","-1,051.74","2,237.52","2,046.66",190.86
06-Jan-16,"4,452.42","4,694.90",-242.48,"2,091.12","1,514.55",576.57
05-Jan-16,"3,361.38","3,713.80",-352.42,"1,631.28","1,618.09",13.19
04-Jan-16,"2,097.07","2,764.22",-667.15,"1,371.47","1,594.26",-222.79
01-Jan-16,540.77,312.66,228.11,783.36,864.6,-81.24
30-Dec-15,"2,088.07","1,935.87",152.2,"1,414.35","1,488.76",-74.41
29-Dec-15,"2,278.39","2,269.90",8.49,"1,473.43","1,466.99",6.44
28-Dec-15,"1,900.63","2,203.25",-302.62,"2,446.49","1,458.67",987.82
24-Dec-15,"1,181.13","1,293.16",-112.03,842,833.95,8.05
23-Dec-15,"2,426.42","2,040.60",385.82,"1,743.36","1,110.72",632.64
22-Dec-15,"2,578.47","2,409.74",168.73,"1,362.28","1,123.92",238.36
21-Dec-15,"2,468.66","2,431.29",37.37,"1,191.34","1,128.64",62.7
18-Dec-15,"5,642.44","5,649.43",-6.99,"1,448.04","1,853.02",-404.98
17-Dec-15,"4,108.58","3,470.57",638.01,"1,950.31","2,316.54",-366.23
16-Dec-15,"2,732.49","3,235.71",-503.22,"2,288.98","1,264.95","1,024.03"
15-Dec-15,"3,277.54","3,228.87",48.67,"1,663.79","1,389.86",273.93
14-Dec-15,"2,764.10","2,921.17",-157.07,"1,627.73","1,241.26",386.47
11-Dec-15,"3,824.52","3,570.79",253.73,"1,790.32","1,497.44",292.88
10-Dec-15,"3,226.68","3,806.96",-580.28,"1,741.90","1,330.98",410.92
09-Dec-15,"3,096.25","3,623.66",-527.41,"1,938.11","1,073.40",864.71
08-Dec-15,"3,109.43","3,627.89",-518.46,"1,577.24",986.92,590.32
07-Dec-15,"3,686.75","3,751.79",-65.04,"1,268.82","1,323.72",-54.9
04-Dec-15,"3,561.68","5,307.41","-1,745.73","2,344.24","1,275.23","1,069.01"
03-Dec-15,"3,192.71","3,804.14",-611.43,"1,612.95","1,091.84",521.11
02-Dec-15,"3,712.27","3,651.66",60.61,"1,243.43","1,321.74",-78.31
01-Dec-15,"4,097.82","4,204.60",-106.78,"1,337.74","1,142.99",194.75
30-Nov-15,"13,538.84","14,582.68","-1,043.84","2,977.78","2,376.05",601.73
27-Nov-15,"2,676.99","3,196.24",-519.25,"2,074.43","1,173.95",900.48
26-Nov-15,"5,980.12","6,378.22",-398.1,"3,343.24","2,394.26",948.98
24-Nov-15,"3,252.52","3,792.64",-540.12,"1,866.12","1,333.99",532.13
23-Nov-15,"3,143.41","3,178.78",-35.37,"1,361.82","1,271.54",90.28
20-Nov-15,"3,302.53","3,396.62",-94.09,"1,876.73","1,266.57",610.16
19-Nov-15,"3,486.83","3,830.01",-343.18,"1,355.79","1,121.97",233.82
18-Nov-15,"2,980.98","3,749.44",-768.46,"1,598.38",839.12,759.26
17-Nov-15,"3,500.40","3,992.85",-492.45,"1,697.49",914.47,783.02
16-Nov-15,"3,345.60","4,396.86","-1,051.26","1,664.52","1,002.81",661.71
13-Nov-15,"5,554.39","6,301.09",-746.7,"1,526.75","1,455.86",70.89
11-Nov-15,190.6,202.53,-11.93,27.47,16.95,10.52
10-Nov-15,"3,205.53","3,867.48",-661.95,"2,237.44","1,579.11",658.33
09-Nov-15,"3,816.91","4,677.97",-861.06,"2,320.16","1,698.98",621.18
06-Nov-15,"3,160.49","2,941.32",219.17,"1,900.64","1,940.09",-39.45
05-Nov-15,"3,915.98","4,907.85",-991.87,"1,883.87","1,247.72",636.15
04-Nov-15,"3,531.96","3,498.80",33.16,"1,176.28","1,251.18",-74.9
03-Nov-15,"3,171.23","3,621.07",-449.84,"1,603.67","1,253.36",350.31
02-Nov-15,"3,258.00","3,530.67",-272.67,"1,335.56","1,190.18",145.38
30-Oct-15,"3,385.74","4,850.63","-1,464.89","3,291.32","1,731.21","1,560.11"
29-Oct-15,"5,675.32","5,501.20",174.12,"2,713.80","3,013.00",-299.2
28-Oct-15,"4,429.41","5,160.58",-731.17,"2,020.18","1,860.01",160.17
27-Oct-15,"5,210.19","5,200.69",9.5,"1,487.76","1,653.21",-165.45
26-Oct-15,"4,111.58","3,387.07",724.51,"1,115.08","1,645.86",-530.78
23-Oct-15,"4,532.49","4,303.31",229.18,"1,305.26","1,461.15",-155.89
21-Oct-15,"2,955.76","3,004.09",-48.33,"1,469.07","1,607.80",-138.73
20-Oct-15,"4,496.80","3,973.11",523.69,"1,821.75","2,176.71",-354.96
19-Oct-15,"3,463.95","2,565.72",898.23,"1,330.05","1,576.31",-246.26
16-Oct-15,"3,527.27","3,090.48",436.79,"1,603.17","1,500.68",102.49
14-Oct-15,"3,574.14","3,452.39",121.75,"1,316.33","1,523.96",-207.63
13-Oct-15,"3,618.12","3,345.51",272.61,974.81,"1,248.32",-273.51
12-Oct-15,"2,770.03","2,452.47",317.56,"1,036.58","1,211.65",-175.07
09-Oct-15,"3,594.01","3,110.15",483.86,"1,583.23","1,952.23",-369
08-Oct-15,"4,092.94","4,141.83",-48.89,"1,382.71","1,682.46",-299.75
07-Oct-15,"4,094.77","4,145.37",-50.6,"1,427.23","1,645.98",-218.75
06-Oct-15,"4,402.61","3,922.37",480.24,"2,000.74","2,425.34",-424.6
05-Oct-15,"5,203.78","4,553.88",649.9,"2,409.69","2,043.92",365.77
01-Oct-15,"4,111.22","4,062.62",48.6,"1,870.86","1,718.68",152.18
30-Sep-15,"7,063.30","6,947.22",116.08,"2,349.53","2,541.31",-191.78
29-Sep-15,"4,120.30","5,232.89","-1,112.59","2,638.23","1,762.03",876.2
28-Sep-15,"3,259.13","3,909.14",-650.01,"1,802.79","1,297.20",505.59
24-Sep-15,"5,760.19","5,875.29",-115.1,"2,624.14","2,573.47",50.67
23-Sep-15,"2,987.47","4,317.59","-1,330.12","2,008.04","1,116.68",891.36
22-Sep-15,"3,938.67","4,990.91","-1,052.24","1,910.71","1,532.45",378.26
21-Sep-15,"3,569.39","3,414.52",154.87,"1,135.69","1,031.61",104.08
18-Sep-15,"10,656.63","10,013.12",643.51,"1,918.39","1,503.30",415.09
16-Sep-15,"3,812.86","4,150.13",-337.27,"1,664.14","1,240.33",423.81
15-Sep-15,"2,842.75","3,753.60",-910.85,"1,524.67","1,044.17",480.5
14-Sep-15,"2,621.15","2,562.40",58.75,"1,142.16",958.26,183.9
11-Sep-15,"2,493.91","3,248.18",-754.27,"1,648.25","1,236.82",411.43
10-Sep-15,"3,536.27","3,657.46",-121.19,"1,321.59","1,254.99",66.6
09-Sep-15,"4,143.08","4,595.21",-452.13,"2,312.81","1,118.23","1,194.58"
08-Sep-15,"2,970.30","3,629.97",-659.67,"1,760.13","1,312.72",447.41
07-Sep-15,"2,328.82","3,155.74",-826.92,"1,522.28","1,018.17",504.11
04-Sep-15,"3,494.61","4,781.73","-1,287.12","2,760.00","1,631.30","1,128.70"
03-Sep-15,"3,324.24","3,718.55",-394.31,"2,397.26","1,556.91",840.35
02-Sep-15,"4,573.60","6,147.02","-1,573.42","2,253.96","1,373.69",880.27
01-Sep-15,"4,308.60","4,983.92",-675.32,"2,396.86","1,714.93",681.93
31-Aug-15,"9,733.82","10,285.01",-551.19,"1,819.22","1,340.63",478.59
28-Aug-15,"5,682.45","5,626.04",56.41,"1,832.89",985.46,847.43
27-Aug-15,"7,474.44","10,821.79","-3,347.35","5,078.89","2,501.83","2,577.06"
26-Aug-15,"5,050.82","7,396.59","-2,345.77","3,358.28","1,477.20","1,881.08"
25-Aug-15,"6,665.15","8,745.16","-2,080.01","4,509.66","2,546.57","1,963.09"
24-Aug-15,"4,740.89","10,016.29","-5,275.40","6,071.27","1,973.44","4,097.83"
21-Aug-15,"4,583.50","6,924.10","-2,340.60","3,028.46","1,504.36","1,524.10"
20-Aug-15,"4,699.37","5,706.63","-1,007.26","2,018.09","1,450.22",567.87
19-Aug-15,"3,132.83","3,556.55",-423.72,"1,743.89","1,360.57",383.32
18-Aug-15,"3,436.01","3,691.43",-255.42,"1,194.33","1,066.83",127.5
17-Aug-15,"3,507.74","3,365.40",142.34,"1,471.16","1,287.44",183.72
14-Aug-15,"4,442.23","4,038.47",403.76,"1,591.59","1,412.39",179.2
13-Aug-15,"3,854.34","4,480.24",-625.9,"2,056.47","1,510.61",545.86
12-Aug-15,"3,785.66","5,640.68","-1,855.02","2,660.03","1,436.23","1,223.80"
11-Aug-15,"3,488.91","4,225.72",-736.81,"1,510.87","1,380.13",130.74
10-Aug-15,"3,539.95","3,554.38",-14.43,"1,323.23","1,373.28",-50.05
07-Aug-15,"3,641.31","3,735.05",-93.74,"1,792.20","1,758.12",34.08
06-Aug-15,"4,000.70","3,891.77",108.93,"1,432.06","1,543.84",-111.78
04-Aug-15,"5,923.55","5,804.85",118.7,"1,842.72","1,955.27",-112.55
03-Aug-15,"4,495.44","4,145.03",350.41,"1,810.17","1,843.53",-33.36
30-Jul-15,"5,352.00","5,522.68",-170.68,"3,322.24","2,822.59",499.65
29-Jul-15,"4,333.77","4,520.01",-186.24,"1,934.80","1,292.11",642.69
27-Jul-15,"3,837.23","4,697.17",-859.94,"1,780.19","1,541.53",238.66
24-Jul-15,"3,424.92","3,418.30",6.62,"2,187.64","1,991.26",196.38
23-Jul-15,"3,851.60","3,666.18",185.42,"1,507.41","1,784.10",-276.69
22-Jul-15,"4,001.56","3,551.24",450.32,"1,617.62","1,969.39",-351.77
21-Jul-15,"4,366.82","4,593.70",-226.88,"2,195.41","2,049.09",146.32
20-Jul-15,"3,273.24","2,558.84",714.4,867.61,"1,716.37",-848.76
17-Jul-15,"3,347.75","2,742.19",605.56,"1,331.99","1,507.14",-175.15
16-Jul-15,"3,250.41","2,504.60",745.81,"1,632.69","1,731.20",-98.51
15-Jul-15,"3,292.92","2,885.23",407.69,"1,384.34","1,434.72",-50.38
14-Jul-15,"3,148.88","2,878.98",269.9,"1,227.27","1,358.17",-130.9
13-Jul-15,"3,477.95","2,949.97",527.98,"1,081.26","1,252.81",-171.55
10-Jul-15,"4,991.65","5,456.92",-465.27,"1,785.69","1,195.20",590.49
09-Jul-15,"3,685.44","3,939.54",-254.1,"1,271.41","1,192.33",79.08
08-Jul-15,"6,943.13","7,297.45",-354.32,"1,368.19","1,714.90",-346.71
07-Jul-15,"3,745.14","3,721.60",23.54,"1,379.05","1,473.76",-94.71
06-Jul-15,"2,863.20","2,713.83",149.37,983.3,"1,392.96",-409.66
03-Jul-15,"2,588.55","2,232.26",356.29,951.38,"1,171.99",-220.61
02-Jul-15,"3,952.13","3,376.81",575.32,"1,181.02","1,400.04",-219.02
01-Jul-15,"4,397.59","4,322.56",75.03,"1,345.73","1,293.61",52.12
29-Jun-15,"2,788.64","3,500.52",-711.88,"2,099.06","1,192.68",906.38
26-Jun-15,"3,326.73","3,530.47",-203.74,"1,775.66","1,541.45",234.21
25-Jun-15,"6,954.03","6,673.82",280.21,"2,868.45","2,876.90",-8.45
24-Jun-15,"4,491.20","4,398.63",92.57,"1,721.09","1,707.57",13.52
23-Jun-15,"3,139.18","3,514.15",-374.97,"1,595.91","1,191.71",404.2
22-Jun-15,"3,526.32","2,875.01",651.31,"1,353.64","1,447.67",-94.03
19-Jun-15,"6,463.41","6,569.53",-106.12,"1,555.05","1,107.50",447.55
18-Jun-15,"4,041.26","4,825.99",-784.73,"2,297.54","1,187.53","1,110.01"
17-Jun-15,"4,190.71","5,131.62",-940.91,"2,728.31","1,281.24","1,447.07"
16-Jun-15,"3,512.26","4,033.91",-521.65,"1,656.96","1,012.15",644.81
15-Jun-15,"3,028.02","3,632.88",-604.86,"1,390.91",740.44,650.47
12-Jun-15,"3,119.17","3,790.13",-670.96,"1,537.78",832.2,705.58
11-Jun-15,"3,752.77","4,375.66",-622.89,"1,875.48","1,286.19",589.29
10-Jun-15,"3,279.45","3,761.56",-482.11,"1,911.20","1,123.14",788.06
09-Jun-15,"3,152.89","3,797.91",-645.02,"1,767.86","1,075.57",692.29
08-Jun-15,"2,932.64","3,681.76",-749.12,"1,810.30","1,280.48",529.82
05-Jun-15,"3,663.81","4,214.10",-550.29,"2,189.98","1,310.48",879.5
04-Jun-15,"4,968.11","4,456.21",511.9,"2,089.78","1,317.74",772.04
03-Jun-15,"4,868.93","5,596.54",-727.61,"2,109.42","1,696.76",412.66
02-Jun-15,"4,255.53","4,849.67",-594.14,"1,760.02","1,488.38",271.64
01-Jun-15,"4,078.43","3,964.96",113.47,"1,589.58","1,540.24",49.34
29-May-15,"24,676.01","22,391.71","2,284.30","3,198.78","5,466.66","-2,267.88"
28-May-15,"6,851.77","7,644.31",-792.54,"3,145.51","2,462.22",683.29
27-May-15,"5,094.23","6,029.21",-934.98,"2,375.06","1,781.03",594.03
26-May-15,"4,082.62","3,967.81",114.81,"1,835.47","1,711.62",123.85
25-May-15,"2,458.33","2,384.19",74.14,"1,411.95","1,411.78",0.17
22-May-15,"6,279.25","6,067.83",211.42,"1,776.79","1,539.17",237.62
21-May-15,"5,938.54","6,124.80",-186.26,"1,721.79","1,317.78",404.01
20-May-15,"4,303.18","4,179.69",123.49,"1,617.22","1,513.64",103.58
19-May-15,"4,901.79","4,853.73",48.06,"1,693.92","1,242.90",451.02
18-May-15,"4,876.92","5,079.04",-202.12,"2,002.88","1,384.34",618.54
15-May-15,"3,595.53","3,633.84",-38.31,"1,799.79","1,236.19",563.6
14-May-15,"4,513.61","4,587.37",-73.76,"1,367.34","1,064.77",302.57
13-May-15,"5,205.87","5,277.07",-71.2,"2,050.55","1,796.55",254
12-May-15,"4,856.75","6,186.18","-1,329.43","2,545.56","1,213.63","1,331.93"
11-May-15,"4,529.36","4,359.39",169.97,"1,851.42","1,522.85",328.57
08-May-15,"4,236.79","4,674.35",-437.56,"2,725.58","1,611.20","1,114.38"
07-May-15,"3,991.69","5,352.38","-1,360.69","2,732.10","1,574.08","1,158.02"
06-May-15,"5,422.22","7,121.82","-1,699.60","3,073.38","1,618.41","1,454.97"
05-May-15,"4,408.29","5,164.81",-756.52,"2,182.05","1,202.86",979.19
04-May-15,"5,105.79","5,045.26",60.53,"1,253.94","1,107.14",146.8
30-Apr-15,"7,711.13","10,868.74","-3,157.61","4,676.55","2,215.75","2,460.80"
29-Apr-15,"4,453.67","5,171.98",-718.31,"1,989.99","1,077.53",912.46
28-Apr-15,"4,601.68","6,134.52","-1,532.84","3,322.52","1,785.44","1,537.08"
27-Apr-15,"4,933.63","6,682.96","-1,749.33","3,286.50","1,618.96","1,667.54"
24-Apr-15,"6,282.92","7,058.38",-775.46,"2,666.64","1,770.31",896.33
23-Apr-15,"4,938.12","5,214.95",-276.83,"1,808.53","1,248.93",559.6
22-Apr-15,"4,919.59","5,829.74",-910.15,"2,227.97","2,009.99",217.98
21-Apr-15,"22,567.60","5,078.87","17,488.73","3,347.98","1,983.15","1,364.83"
20-Apr-15,"5,954.52","7,461.38","-1,506.86","2,328.19","1,365.69",962.5
17-Apr-15,"4,625.40","5,301.11",-675.71,"1,758.17","1,685.65",72.52
16-Apr-15,"4,354.74","4,569.10",-214.36,"1,872.04","1,439.77",432.27
15-Apr-15,"6,592.06","6,484.06",108,"1,704.62","1,764.80",-60.18
13-Apr-15,"3,760.19","3,343.18",417.01,"1,475.61","1,429.19",46.42
10-Apr-15,"4,823.65","4,460.86",362.79,"1,671.41","1,806.59",-135.18
09-Apr-15,"5,589.40","5,395.59",193.81,"2,166.98","1,674.19",492.79
08-Apr-15,"4,536.32","5,015.50",-479.18,"1,919.31","1,536.77",382.54
07-Apr-15,"3,718.64","3,574.66",143.98,"1,260.02","1,586.08",-326.06
06-Apr-15,"4,437.97","3,501.16",936.81,"1,666.97","1,837.00",-170.03
01-Apr-15,"3,928.44","3,718.57",209.87,"1,558.08","1,360.83",197.25
30-Mar-15,"3,764.60","4,004.94",-240.34,"1,971.84","1,320.17",651.67
27-Mar-15,"4,924.06","5,244.58",-320.52,"2,500.19","1,825.43",674.76
26-Mar-15,"7,733.39","8,254.62",-521.23,"4,287.68","3,600.59",687.09
25-Mar-15,"6,910.27","6,097.08",813.19,"2,029.46","1,932.94",96.52
24-Mar-15,"4,647.75","3,909.89",737.86,"1,858.13","2,489.80",-631.67
23-Mar-15,"3,074.37","2,656.96",417.41,"2,004.04","1,600.13",403.91
20-Mar-15,"7,550.83","7,196.24",354.59,"1,577.79","1,796.99",-219.2
19-Mar-15,"5,954.65","4,525.93","1,428.72","1,658.13","1,604.67",53.46
18-Mar-15,"3,985.72","4,443.15",-457.43,"1,504.07","2,387.06",-882.99
17-Mar-15,"5,123.12","4,857.60",265.52,"1,370.51","1,614.20",-243.69
16-Mar-15,"4,582.91","5,345.46",-762.55,"1,469.32","1,310.67",158.65
13-Mar-15,"4,841.32","4,774.34",66.98,"1,726.25","1,797.80",-71.55
12-Mar-15,"5,428.90","4,695.81",733.09,"1,643.94","2,025.88",-381.94
11-Mar-15,"4,343.92","4,788.57",-444.65,"1,697.31","2,036.27",-338.96
10-Mar-15,"4,292.22","5,040.35",-748.13,"1,872.98","1,582.50",290.48
09-Mar-15,"5,751.95","4,913.65",838.3,"1,486.23","1,521.54",-35.31
05-Mar-15,"4,895.44","4,815.60",79.84,"1,704.37","1,897.91",-193.54
04-Mar-15,"7,641.74","4,855.50","2,786.24","2,638.94","2,622.05",16.89
03-Mar-15,"5,732.55","4,959.63",772.92,"1,573.84","1,877.72",-303.88
02-Mar-15,"6,704.11","6,279.32",424.79,"2,358.82","2,178.47",180.35
28-Feb-15,"1,398.50",784.47,614.03,"1,569.35","2,310.09",-740.74
27-Feb-15,"9,894.75","7,937.65","1,957.10","3,072.13","3,564.06",-491.93
26-Feb-15,"8,397.27","6,085.12","2,312.15","2,908.33","2,567.54",340.79
25-Feb-15,"4,764.43","4,248.37",516.06,"1,737.36","1,717.66",19.7
24-Feb-15,"5,482.29","4,785.01",697.28,"1,346.92","1,493.90",-146.98
23-Feb-15,"4,709.67","4,107.76",601.91,"1,521.89","1,685.68",-163.79
20-Feb-15,"3,319.02","3,408.43",-89.41,"1,722.37","1,517.52",204.85
19-Feb-15,"5,018.54","3,475.84","1,542.70","1,498.50","1,694.24",-195.74
18-Feb-15,"6,540.83","4,352.87","2,187.96","2,181.18","1,853.31",327.87
16-Feb-15,"3,707.54","3,890.34",-182.8,"1,525.22","1,244.45",280.77
13-Feb-15,"4,589.36","4,199.10",390.26,"2,454.14","2,358.32",95.82
12-Feb-15,"4,296.42","4,702.70",-406.28,"2,143.62","1,438.09",705.53
11-Feb-15,"3,933.66","4,304.93",-371.27,"1,674.69","1,527.20",147.49
10-Feb-15,"4,328.70","5,589.89","-1,261.19","2,442.08","1,590.76",851.32
09-Feb-15,"3,163.41","3,823.71",-660.3,"1,651.00","1,181.45",469.55
06-Feb-15,"4,126.53","4,222.98",-96.45,"1,339.04","1,223.55",115.49
05-Feb-15,"4,533.69","4,561.12",-27.43,"2,318.25","1,992.64",325.61
04-Feb-15,"5,057.23","5,141.03",-83.8,"1,653.42","1,725.77",-72.35
03-Feb-15,"5,723.76","5,988.11",-264.35,"1,966.33","2,103.64",-137.31
02-Feb-15,"5,639.15","6,269.12",-629.97,"1,747.14","1,971.21",-224.07
30-Jan-15,"6,145.72","6,917.27",-771.55,"2,281.99","2,319.59",-37.6
29-Jan-15,"8,753.64","7,029.87","1,723.77","2,122.29","3,802.38","-1,680.09"
28-Jan-15,"7,236.15","5,512.98","1,723.17","1,437.00","2,729.70","-1,292.70"
27-Jan-15,"7,816.20","6,862.69",953.51,"1,449.09","2,232.43",-783.34
23-Jan-15,"7,171.82","5,151.84","2,019.98","1,320.15","2,620.11","-1,299.96"
22-Jan-15,"5,408.39","4,815.60",592.79,"1,781.45","2,359.98",-578.53
20-Jan-15,"4,796.00","3,520.41","1,275.59","1,517.70","2,279.30",-761.6
19-Jan-15,"3,695.66","3,261.94",433.72,"1,373.33","1,611.04",-237.71
16-Jan-15,"6,718.16","5,618.23","1,099.93","1,417.60","2,134.51",-716.91
15-Jan-15,"7,405.38","5,667.14","1,738.24","2,142.37","2,669.64",-527.27
14-Jan-15,"4,248.30","4,318.04",-69.74,"1,647.21","1,871.19",-223.98
13-Jan-15,"5,046.28","4,811.19",235.09,"1,917.84","1,871.78",46.06
12-Jan-15,"3,289.52","3,044.57",244.95,"1,097.14","1,428.32",-331.18
09-Jan-15,"4,182.20","4,480.19",-297.99,"1,876.92","1,577.39",299.53
08-Jan-15,"4,685.59","5,152.37",-466.78,"2,174.40","1,885.52",288.88
07-Jan-15,"3,290.56","4,363.74","-1,073.18","2,265.73","1,664.33",601.4
06-Jan-15,"3,138.11","4,708.87","-1,570.76","2,646.30","1,456.65","1,189.65"
05-Jan-15,"2,569.89","2,097.89",472,"1,098.28","1,674.02",-575.74
02-Jan-15,"2,082.96","1,823.14",259.82,"1,527.30","1,457.52",69.78
01-Jan-15,248.38,230.18,18.2,691.07,671.51,19.56
30-Dec-14,"1,684.45","1,406.53",277.92,971.74,810.87,160.87
29-Dec-14,"1,419.14","1,623.36",-204.22,"1,154.73",794.35,360.38
26-Dec-14,560.62,520.65,39.97,"1,060.03",642.74,417.29
24-Dec-14,"5,112.98","7,921.25","-2,808.27","2,910.17","2,401.08",509.09
23-Dec-14,"2,148.19","2,593.12",-444.93,"1,845.54","1,329.20",516.34
22-Dec-14,"2,540.92","2,876.16",-335.24,"1,542.76","1,153.64",389.12
19-Dec-14,"5,238.80","5,907.65",-668.85,"1,928.50","1,305.73",622.77
18-Dec-14,"3,593.30","4,468.19",-874.89,"2,126.21","1,478.04",648.17
17-Dec-14,"4,459.02","6,095.38","-1,636.36","3,180.47","1,756.64","1,423.83"
16-Dec-14,"4,005.90","5,253.14","-1,247.24","2,370.36","1,835.76",534.6
15-Dec-14,"3,296.78","3,752.50",-455.72,"1,701.97","1,565.95",136.02
12-Dec-14,"3,220.62","4,085.58",-864.96,"1,906.92","1,583.51",323.41
11-Dec-14,"3,726.81","4,535.08",-808.27,"1,668.07","1,236.14",431.93
09-Dec-14,"3,661.31","3,882.83",-221.52,"1,477.99","1,823.37",-345.38
08-Dec-14,"8,206.60","3,222.00","4,984.60","2,458.71","1,428.06","1,030.65"
05-Dec-14,"4,071.22","4,180.67",-109.45,"1,537.30","1,371.25",166.05
04-Dec-14,"4,043.19","3,569.19",474,"1,236.04","1,822.02",-585.98
03-Dec-14,"4,758.37","4,367.30",391.07,"1,976.40","2,133.63",-157.23
02-Dec-14,"3,570.70","3,463.88",106.82,"1,513.18","1,553.60",-40.42
01-Dec-14,"4,336.73","4,349.09",-12.36,"1,572.33","2,127.50",-555.17
28-Nov-14,"5,160.09","4,224.23",935.86,"2,561.35","3,000.66",-439.31
27-Nov-14,"5,442.99","5,053.26",389.73,"2,669.06","2,332.21",336.85
26-Nov-14,"3,517.53","3,336.07",181.46,"1,696.37","2,011.01",-314.64
25-Nov-14,"13,086.79","11,917.85","1,168.94","2,030.27","2,762.39",-732.12
24-Nov-14,"4,382.65","3,975.23",407.42,"1,606.27","1,769.05",-162.78
21-Nov-14,"4,134.87","4,012.37",122.5,"1,662.12","1,524.53",137.59
20-Nov-14,"3,163.39","3,640.54",-477.15,"1,271.00","1,169.38",101.62
19-Nov-14,"4,313.42","4,241.62",71.8,"1,170.40","1,661.66",-491.26
18-Nov-14,"3,900.45","4,002.43",-101.98,"1,586.10","1,818.52",-232.42
17-Nov-14,"3,693.78","3,037.41",656.37,"1,576.48","1,824.34",-247.86
14-Nov-14,"4,986.80","4,340.90",645.9,"1,418.23","1,935.74",-517.51
13-Nov-14,"3,933.01","3,242.40",690.61,"1,090.87","1,829.11",-738.24
12-Nov-14,"4,112.93","3,653.46",459.47,"1,249.68","1,809.12",-559.44
11-Nov-14,"4,443.96","3,985.92",458.04,"1,181.26","1,698.24",-516.98
10-Nov-14,"4,291.60","3,936.30",355.3,"1,435.41","1,750.34",-314.93
07-Nov-14,"8,091.15","5,554.02","2,537.13","1,818.33","2,010.53",-192.2
05-Nov-14,"7,123.22","6,092.37","1,030.85","1,307.55","2,512.18","-1,204.63"
03-Nov-14,"4,459.07","3,045.73","1,413.34","1,334.20","2,517.28","-1,183.08"
31-Oct-14,"5,582.74","3,828.01","1,754.73","2,175.71","2,452.20",-276.49
30-Oct-14,"6,643.75","5,386.26","1,257.49","2,232.69","2,326.70",-94.01
29-Oct-14,"4,453.43","3,667.82",785.61,"1,263.56","1,770.85",-507.29
28-Oct-14,"3,709.09","3,817.09",-108,"1,324.46","1,424.12",-99.66
27-Oct-14,"3,914.10","3,864.96",49.14,"1,292.02","1,282.47",9.55
22-Oct-14,"3,639.40","3,631.86",7.54,"1,641.31","1,265.76",375.55
21-Oct-14,"4,695.31","4,662.91",32.4,"1,772.92","1,703.98",68.94
20-Oct-14,"5,287.33","4,247.25","1,040.08","1,868.60","2,034.71",-166.11
17-Oct-14,"3,554.06","4,984.09","-1,430.03","2,565.98","1,828.67",737.31
16-Oct-14,"4,206.91","5,335.28","-1,128.37","2,052.18","1,387.73",664.45
14-Oct-14,"2,942.08","3,636.75",-694.67,"1,825.97","1,330.45",495.52
13-Oct-14,"2,480.59","3,151.65",-671.06,"1,618.85","1,052.02",566.83
10-Oct-14,"2,576.53","3,296.30",-719.77,"1,866.91","1,308.70",558.21
09-Oct-14,"3,148.31","3,169.20",-20.89,"2,020.10","1,396.46",623.64
08-Oct-14,"3,252.99","4,693.98","-1,440.99","1,937.08","1,273.99",663.09
07-Oct-14,"5,056.61","5,389.45",-332.84,"1,814.90","1,487.25",327.65
01-Oct-14,"3,534.85","3,598.09",-63.24,"1,418.10","1,262.41",155.69
29-Sep-14,"2,643.78","2,493.68",150.1,"1,323.36","1,088.84",234.52
26-Sep-14,"3,622.07","4,755.71","-1,133.64","2,795.91","1,460.58","1,335.33"
25-Sep-14,"6,308.96","7,160.20",-851.24,"2,822.33","2,003.71",818.62
24-Sep-14,"3,543.20","4,336.85",-793.65,"1,461.38","1,476.67",-15.29
23-Sep-14,"3,951.71","5,136.88","-1,185.17","1,858.96","1,533.26",325.7
22-Sep-14,"2,666.51","2,852.92",-186.41,"1,309.17","1,277.68",31.49
19-Sep-14,"9,067.97","9,074.50",-6.53,"1,581.36","1,344.21",237.15
18-Sep-14,"3,383.39","3,392.96",-9.57,"1,671.65","1,587.20",84.45
17-Sep-14,"4,278.46","4,142.38",136.08,"1,635.63","1,796.82",-161.19
16-Sep-14,"3,146.53","3,975.48",-828.95,"2,090.20","1,624.59",465.61
15-Sep-14,"3,035.25","3,109.84",-74.59,"1,504.75","1,579.24",-74.49
12-Sep-14,"3,745.68","3,562.88",182.8,"1,651.73","1,860.17",-208.44
11-Sep-14,"3,758.59","3,325.04",433.55,"1,450.66","1,981.37",-530.71
10-Sep-14,"3,117.67","3,127.58",-9.91,"1,210.62","1,721.87",-511.25
09-Sep-14,"2,716.67","2,237.27",479.4,"1,020.68","1,772.77",-752.09
08-Sep-14,"4,416.57","3,253.59","1,162.98","1,530.08","2,038.45",-508.37
05-Sep-14,"3,807.81","3,497.30",310.51,"1,217.30","1,572.11",-354.81
04-Sep-14,"5,458.31","3,760.57","1,697.74","1,172.65","1,727.88",-555.23
03-Sep-14,"6,178.38","4,889.81","1,288.57","1,762.22","2,231.91",-469.69
02-Sep-14,"3,876.27","3,203.46",672.81,"1,820.36","1,988.21",-167.85
01-Sep-14,"3,833.02","3,278.88",554.14,"1,135.18","1,696.87",-561.69
28-Aug-14,"6,741.81","7,452.44",-710.63,"2,677.78","1,947.35",730.43
27-Aug-14,"3,583.30","3,293.12",290.18,"1,797.25","1,560.26",236.99
26-Aug-14,"3,212.56","2,847.84",364.72,"1,309.79","1,568.97",-259.18
25-Aug-14,"2,558.73","2,431.40",127.33,"1,252.79","1,207.08",45.71
22-Aug-14,"3,351.04","3,048.98",302.06,"1,416.48","1,600.12",-183.64
21-Aug-14,"3,834.40","3,421.63",412.77,"1,881.36","1,817.62",63.74
20-Aug-14,"3,505.89","3,254.53",251.36,"1,437.22","1,918.59",-481.37
19-Aug-14,"4,329.53","3,770.14",559.39,"1,683.07","1,946.44",-263.37
18-Aug-14,"3,799.79","3,326.37",473.42,"1,526.35","1,036.31",490.04
14-Aug-14,"3,696.35","3,071.17",625.18,"1,487.34","1,351.59",135.75
13-Aug-14,"4,745.81","4,027.54",718.27,"1,627.54","1,605.51",22.03
12-Aug-14,"3,088.93","2,718.10",370.83,"1,221.99","1,261.77",-39.78
11-Aug-14,"2,795.42","2,958.34",-162.92,"1,159.48",925.07,234.41
08-Aug-14,"2,754.39","3,258.13",-503.74,"1,560.60","1,104.58",456.02
07-Aug-14,"2,714.74","2,787.81",-73.07,"1,290.10","1,061.11",228.99
06-Aug-14,"4,052.29","3,768.42",283.87,"1,148.74","1,116.15",32.59
05-Aug-14,"3,029.30","2,976.45",52.85,"1,306.52","1,244.30",62.22
04-Aug-14,"4,196.86","3,824.30",372.56,"1,384.14","1,634.94",-250.8
01-Aug-14,"4,694.49","5,767.45","-1,072.96","2,441.26","1,366.56","1,074.70"
30-Jul-14,"6,133.66","6,515.32",-381.66,"2,453.02","1,937.37",515.65
28-Jul-14,"2,919.40","2,844.36",75.04,"1,388.94","1,333.03",55.91
25-Jul-14,"3,749.73","3,624.22",125.51,"1,665.38","1,875.40",-210.02
24-Jul-14,"3,269.44","2,987.00",282.44,"1,224.83","1,515.18",-290.35
23-Jul-14,"3,652.41","3,000.01",652.4,"1,348.27","1,640.36",-292.09
22-Jul-14,"3,509.38","3,097.35",412.03,"1,482.39","1,423.16",59.23
21-Jul-14,"2,674.38","2,513.21",161.17,992.28,"1,173.44",-181.16
18-Jul-14,"3,291.31","2,716.84",574.47,"1,074.52","1,357.69",-283.17
17-Jul-14,"4,488.64","2,576.22","1,912.42","1,454.82","2,770.84","-1,316.02"
16-Jul-14,"4,501.16","3,879.48",621.68,"1,600.18","1,648.66",-48.48
15-Jul-14,"3,026.38","3,029.78",-3.4,"1,464.59",992.81,471.78
14-Jul-14,"3,026.32","3,584.57",-558.25,"1,352.17","1,020.65",331.52
11-Jul-14,"3,651.27","4,374.75",-723.48,"1,926.26","1,971.19",-44.93
10-Jul-14,"5,059.03","4,897.48",161.55,"2,089.03","2,084.14",4.89
09-Jul-14,"4,422.85","3,777.66",645.19,"1,620.48","1,885.67",-265.19
08-Jul-14,"5,138.38","4,715.66",422.72,"1,450.28","1,849.84",-399.56
07-Jul-14,"5,720.05","5,521.48",198.57,"1,935.40","2,020.62",-85.22
04-Jul-14,"3,626.61","2,683.42",943.19,989.16,"1,842.26",-853.1
03-Jul-14,"4,409.29","3,458.47",950.82,"1,209.54","1,833.75",-624.21
02-Jul-14,"4,805.76","3,515.08","1,290.68","1,471.88","1,879.59",-407.71
01-Jul-14,"3,790.73","2,934.38",856.35,"1,245.28","2,019.94",-774.66
30-Jun-14,"5,228.56","3,940.40","1,288.16","1,644.57","1,825.80",-181.23
27-Jun-14,"3,780.97","3,598.42",182.55,"1,422.69","1,595.09",-172.4
26-Jun-14,"4,465.65","5,067.54",-601.89,"2,034.67","1,863.75",170.92
25-Jun-14,"3,739.20","3,044.57",694.63,"1,410.34","1,843.97",-433.63
24-Jun-14,"3,817.74","3,533.13",284.61,"1,550.52","1,766.69",-216.17
23-Jun-14,"2,764.53","2,979.02",-214.49,"1,655.84","1,538.41",117.43
20-Jun-14,"4,132.41","4,353.06",-220.65,"1,099.21","1,025.36",73.85
19-Jun-14,"3,982.66","4,403.17",-420.51,"1,213.19","1,331.00",-117.81
18-Jun-14,"4,438.70","4,072.52",366.18,"1,649.51","1,331.36",318.15
17-Jun-14,"4,641.02","4,593.00",48.02,"1,435.15","1,671.94",-236.79
16-Jun-14,"3,715.13","3,909.23",-194.1,"1,187.21","1,635.51",-448.3
13-Jun-14,"5,305.70","4,205.78","1,099.92","1,545.83","1,187.12",358.71
12-Jun-14,"4,192.31","3,539.96",652.35,"1,146.50","1,888.71",-742.21
11-Jun-14,"4,839.57","5,152.97",-313.4,"1,310.96","1,718.72",-407.76
10-Jun-14,"5,397.80","4,715.54",682.26,"1,312.36","2,527.83","-1,215.47"
09-Jun-14,"5,617.07","5,080.39",536.68,"1,837.36","2,327.39",-490.03
06-Jun-14,"7,957.08","6,674.04","1,283.04","2,036.19","2,351.34",-315.15
05-Jun-14,"7,408.08","6,039.11","1,368.97","1,807.48","2,233.27",-425.79
03-Jun-14,"5,615.85","5,040.76",575.09,"1,486.77","1,386.96",99.81
02-Jun-14,"3,418.27","3,183.78",234.49,"1,478.47","1,627.28",-148.81
29-May-14,"6,821.81","7,344.71",-522.9,"2,386.37","2,191.17",195.2
28-May-14,"5,553.09","5,839.63",-286.54,"1,525.53","1,558.93",-33.4
27-May-14,"5,062.53","5,265.14",-202.61,"1,449.11","1,544.74",-95.63
26-May-14,"5,744.28","5,828.41",-84.13,"2,498.83","2,707.22",-208.39
23-May-14,"6,726.68","6,309.88",416.8,"1,864.56","2,000.06",-135.5
22-May-14,"6,656.03","6,951.02",-294.99,"2,086.27","1,883.20",203.07
21-May-14,"5,630.60","5,896.82",-266.22,"1,575.70","2,014.73",-439.03
20-May-14,"7,008.21","7,112.74",-104.53,"1,560.27","2,217.10",-656.83
19-May-14,"8,446.21","7,096.17","1,350.04","3,299.12","3,647.60",-348.48
16-May-14,"11,962.31","8,327.49","3,634.82","3,329.16","3,678.48",-349.32
15-May-14,"4,821.30","3,886.36",934.94,"1,705.37","2,090.77",-385.4
14-May-14,"5,378.75","3,858.67","1,520.08","1,294.01","1,704.02",-410.01
13-May-14,"6,199.33","4,173.10","2,026.23","1,638.14","2,287.56",-649.42
12-May-14,"4,606.00","3,388.05","1,217.95","1,939.85","1,847.29",92.56
09-May-14,"4,671.34","3,402.56","1,268.78","1,670.16","1,745.46",-75.3
08-May-14,"3,546.43","3,183.19",363.24,"1,371.27","1,491.17",-119.9
07-May-14,"4,257.46","4,138.35",119.11,"1,250.19","1,509.07",-258.88
06-May-14,"1,702.11","1,656.18",45.93,"1,352.01","1,407.74",-55.73
05-May-14,"2,237.00","1,957.14",279.86,"1,065.17","1,065.17",0
02-May-14,"2,777.61","2,390.66",386.95,772.4,"1,178.05",-405.65
30-Apr-14,"4,444.92","3,990.44",454.48,"1,329.06","1,322.60",6.46
29-Apr-14,"2,736.04","2,448.06",287.98,853.04,"1,403.93",-550.89
28-Apr-14,"3,541.13","3,464.11",77.02,931.52,"1,302.05",-370.53
25-Apr-14,"4,618.36","4,323.35",295.01,"1,055.59","1,472.89",-417.3
23-Apr-14,"5,607.62","4,840.01",767.61,"1,732.51","2,266.39",-533.88
22-Apr-14,"2,520.78","2,357.85",162.93,"1,074.26","1,372.72",-298.46
21-Apr-14,"2,258.18","2,045.33",212.85,"1,419.49","1,637.15",-217.66
17-Apr-14,"3,360.34","2,926.94",433.4,"1,531.02","1,653.77",-122.75
16-Apr-14,"2,998.97","3,043.66",-44.69,"1,058.34","1,406.04",-347.7
15-Apr-14,"3,695.95","3,717.58",-21.63,"1,150.09","1,428.36",-278.27
11-Apr-14,"3,790.37","4,152.66",-362.29,"1,727.61","1,362.69",364.92
10-Apr-14,"5,030.87","4,688.12",342.75,"1,881.94","1,868.49",13.45
09-Apr-14,"5,347.46","4,303.60","1,043.86","1,576.68","2,040.46",-463.78
07-Apr-14,"3,591.96","2,888.25",703.71,689.84,"1,771.20","-1,081.36"
04-Apr-14,"3,106.52","2,874.06",232.46,977.9,"2,102.96","-1,125.06"
03-Apr-14,"4,733.22","4,015.83",717.39,"1,091.01","1,807.58",-716.57
02-Apr-14,"4,650.19","4,055.52",594.67,"1,455.93","1,927.71",-471.78
01-Apr-14,"3,568.87","3,183.21",385.66,"1,158.87","1,406.75",-247.88
31-Mar-14,"4,248.84","3,305.98",942.86,"1,358.08","1,969.30",-611.22
28-Mar-14,"4,323.80","2,960.93","1,362.87","1,360.21","1,568.55",-208.34
27-Mar-14,"8,064.48","5,872.55","2,191.93","2,324.96","2,916.79",-591.83
26-Mar-14,"3,965.79","2,961.27","1,004.52","1,644.44","2,000.55",-356.11
25-Mar-14,"3,943.00","2,720.00","1,223.00","1,177.00","1,721.00",-544
24-Mar-14,"3,889.48","2,423.86","1,465.62",972.7,"1,743.09",-770.39
21-Mar-14,"8,460.75","4,238.65","4,222.10","3,605.21","7,681.81","-4,076.60"
20-Mar-14,"3,528.74","2,806.72",722.02,945.3,"1,508.59",-563.29
19-Mar-14,"4,655.28","3,585.54","1,069.74","1,328.84","1,939.80",-610.96
18-Mar-14,"4,629.09","3,617.14","1,011.95","1,156.69","1,358.66",-201.97
14-Mar-14,"3,951.44","2,969.25",982.19,733.47,"1,599.89",-866.42
13-Mar-14,"3,955.11","3,338.49",616.62,"1,215.54","1,529.94",-314.4
12-Mar-14,"3,219.19","2,354.84",864.35,654.43,"1,476.40",-821.97
11-Mar-14,"4,406.51","2,935.28","1,471.23","1,050.23","2,381.96","-1,331.73"
10-Mar-14,"5,106.66","3,853.01","1,253.65","1,578.41","2,623.23","-1,044.82"
07-Mar-14,"6,398.33","3,820.89","2,577.44","1,678.02","2,347.60",-669.58
06-Mar-14,"4,038.74","2,765.81","1,272.93",989.17,"1,556.27",-567.1
05-Mar-14,"3,103.41","2,366.12",737.29,983.98,"1,185.83",-201.85
04-Mar-14,"2,528.91","2,343.30",185.61,"1,087.73","1,432.23",-344.5
03-Mar-14,"2,524.18","2,325.65",198.53,"2,717.47","1,151.16","1,566.31"
28-Feb-14,"6,737.21","6,145.39",591.82,"1,334.45","1,322.43",12.02
26-Feb-14,"4,047.65","3,536.50",511.15,"1,163.89","1,415.80",-251.91
25-Feb-14,"2,649.66","2,226.25",423.41,790.52,"1,079.64",-289.12
24-Feb-14,"2,379.03","2,112.16",266.87,580.59,829.08,-248.49
21-Feb-14,"2,371.43","1,768.02",603.41,582.18,963.73,-381.55
20-Feb-14,"2,382.18","2,175.72",206.46,457.4,"1,058.11",-600.71
19-Feb-14,"1,812.17","1,343.70",468.47,458.89,797.63,-338.74
18-Feb-14,"2,327.07","2,034.84",292.23,738.64,893.47,-154.83
17-Feb-14,"2,461.48","1,938.66",522.82,490.88,736.05,-245.17
14-Feb-14,"2,345.63","2,361.49",-15.86,805.14,850.14,-45
13-Feb-14,"2,470.02","2,070.62",399.4,763.56,"1,055.96",-292.4
12-Feb-14,"2,680.61","2,468.62",211.99,"1,377.02","1,638.98",-261.96
11-Feb-14,"2,488.58","2,653.98",-165.4,"1,290.08","1,047.71",242.37
10-Feb-14,"2,052.14","2,507.32",-455.18,"1,378.61","1,083.82",294.79
07-Feb-14,"2,787.00","2,776.25",10.75,"1,641.95","1,031.15",610.8
06-Feb-14,"2,787.00","2,776.25",10.75,"1,641.95","1,031.15",610.8
05-Feb-14,"2,286.14","2,862.34",-576.2,"1,610.18",794.95,815.23
04-Feb-14,"1,897.83","3,131.85","-1,234.02","1,969.84","1,105.29",864.55
03-Feb-14,"2,798.91","3,451.88",-652.97,"1,294.09",967.08,327.01
29-Jan-14,"3,251.51","3,001.03",250.48,"1,287.61","1,304.48",-16.87
28-Jan-14,"2,756.77","4,024.12","-1,267.35","2,468.29","1,289.48","1,178.81"
27-Jan-14,"2,733.82","4,068.03","-1,334.21","1,484.00","1,332.98",151.02
24-Jan-14,"3,136.11","3,367.07",-230.96,"1,093.35","1,171.40",-78.05
23-Jan-14,"3,213.91","2,780.31",433.6,842.28,"1,235.96",-393.68
22-Jan-14,"3,241.20","2,961.75",279.45,917.03,"1,007.60",-90.57
21-Jan-14,"2,862.48","2,906.22",-43.74,"1,031.91",850.41,181.5
20-Jan-14,"2,605.65","2,220.76",384.89,859.79,"1,170.26",-310.47
17-Jan-14,"4,973.63","4,898.36",75.27,"1,516.24","1,374.59",141.65
16-Jan-14,"3,676.96","3,197.68",479.28,868.11,"1,659.86",-791.75
15-Jan-14,"3,635.25","2,921.96",713.29,781.7,"1,471.72",-690.02
14-Jan-14,"2,393.40","2,654.28",-260.88,587.23,685.16,-97.93
13-Jan-14,"2,977.97","2,564.12",413.85,778.96,"1,096.48",-317.52
10-Jan-14,"3,116.25","3,048.09",68.16,"1,315.14","1,233.41",81.73
09-Jan-14,"2,842.61","2,846.35",-3.74,"1,171.95","1,290.40",-118.45
08-Jan-14,"2,789.11","2,709.43",79.68,"1,114.10","1,202.25",-88.15
07-Jan-14,"2,227.91","2,794.93",-567.02,"1,115.68","1,056.24",59.44
06-Jan-14,"1,928.90","2,247.81",-318.91,"1,080.83","1,103.37",-22.54
03-Jan-14,"1,876.98","1,895.04",-18.06,927.26,"1,208.03",-280.77
02-Jan-14,"2,396.16","1,722.11",674.05,914.67,"1,104.42",-189.75
01-Jan-14,225.12,214.96,10.16,359.22,581.34,-222.12
30-Dec-13,"1,304.93","1,188.87",116.06,676.58,883.73,-207.15
27-Dec-13,"1,352.35","1,056.59",295.76,793.34,953.19,-159.85
26-Dec-13,"2,665.98","1,922.28",743.7,"1,133.18","1,336.62",-203.44
24-Dec-13,"1,175.13","1,134.46",40.67,819.29,863.19,-43.9
23-Dec-13,"2,781.45","2,646.03",135.42,980.95,942.6,38.35
20-Dec-13,"3,444.87","2,454.68",990.19,"1,155.52","1,403.47",-247.95
19-Dec-13,"4,286.14","2,022.03","2,264.11","1,617.49","1,659.08",-41.59
18-Dec-13,"4,557.33","3,358.73","1,198.60",973.59,"1,386.60",-413.01
17-Dec-13,"3,130.68","2,880.75",249.93,"1,057.52","1,154.35",-96.83
16-Dec-13,"2,333.74","2,174.19",159.55,997.8,"1,127.30",-129.5
13-Dec-13,"3,121.35","3,553.37",-432.02,991.13,"1,036.20",-45.07
12-Dec-13,"2,876.19","2,688.38",187.81,750.14,"1,104.99",-354.85
11-Dec-13,"2,972.33","2,009.62",962.71,712.69,"1,554.64",-841.95
10-Dec-13,"4,574.97","4,179.29",395.68,"1,165.87","1,794.03",-628.16
09-Dec-13,"4,863.10","2,389.93","2,473.17","1,236.34","2,442.15","-1,205.81"
06-Dec-13,"3,111.35","2,247.58",863.77,946.59,"1,690.52",-743.93
05-Dec-13,"3,925.95","2,774.44","1,151.51","1,138.04","1,812.06",-674.02
04-Dec-13,"2,340.77","2,288.66",52.11,"1,034.55","1,052.60",-18.05
03-Dec-13,"2,538.40","2,021.81",516.59,883.29,"1,554.55",-671.26
02-Dec-13,"2,247.86","1,456.89",790.97,692.3,"1,310.50",-618.2
29-Nov-13,"2,632.22","1,887.06",745.16,"1,042.58","1,144.34",-101.76
28-Nov-13,"3,136.23","3,033.32",102.91,"1,790.80","1,460.29",330.51
27-Nov-13,"2,410.92","2,459.45",-48.53,778.26,836.39,-58.13
26-Nov-13,"6,271.27","6,610.43",-339.16,"1,181.92","1,538.82",-356.9
25-Nov-13,"2,558.30","1,720.50",837.8,667.72,"1,460.15",-792.43
22-Nov-13,"1,864.71","1,867.54",-2.83,705.87,958.32,-252.45
21-Nov-13,"2,445.54","2,505.34",-59.8,623.68,"1,274.34",-650.66
20-Nov-13,"2,626.72","2,546.32",80.4,711,994.81,-283.81
19-Nov-13,"2,835.17","1,820.56","1,014.61",654.41,"1,380.96",-726.55
18-Nov-13,"3,504.59","2,346.02","1,158.57",677.3,"1,332.70",-655.4
14-Nov-13,"2,624.00","1,653.97",970.03,838.72,"1,249.53",-410.81
13-Nov-13,"2,592.58","2,292.88",299.7,892.26,"1,145.27",-253.01
12-Nov-13,"2,558.77","2,211.19",347.58,520.8,"1,391.20",-870.4
11-Nov-13,"2,317.24","1,983.74",333.5,562.01,"1,344.54",-782.53
08-Nov-13,"2,366.40","1,954.37",412.03,652.33,"1,567.96",-915.63
07-Nov-13,"2,059.67","1,580.43",479.24,613.88,"1,328.95",-715.07
06-Nov-13,"2,072.48","1,800.78",271.7,600.34,"1,145.54",-545.2
05-Nov-13,"2,993.35","2,830.82",162.53,539.05,"1,223.01",-683.96
03-Nov-13,5.03,1.05,3.98,12.47,12.75,-0.28
01-Nov-13,"2,572.92","2,385.97",186.95,"1,002.27","1,424.97",-422.7
30-Oct-13,"2,910.20","1,893.43","1,016.77",907.29,"1,457.89",-550.6
29-Oct-13,"2,838.12","1,735.08","1,103.04",991.53,"1,885.57",-894.04
28-Oct-13,"2,328.97","1,692.19",636.78,458.04,"1,360.72",-902.68
25-Oct-13,"2,300.66","1,673.67",626.99,657.4,"1,155.35",-497.95
24-Oct-13,"2,890.31","1,898.48",991.83,800.89,"1,536.29",-735.4
23-Oct-13,"2,605.31","1,960.51",644.8,752.53,"1,298.10",-545.57
22-Oct-13,"2,548.94","1,754.04",794.9,639.48,"1,484.78",-845.3
21-Oct-13,"2,871.82","1,840.03","1,031.79",782.48,"1,506.58",-724.1
18-Oct-13,"3,861.16","2,108.18","1,752.98","1,105.15","1,667.38",-562.23
17-Oct-13,"3,942.60","2,832.67","1,109.93",590.91,"1,740.13","-1,149.22"
15-Oct-13,"2,546.04","1,409.81","1,136.23",571.31,"1,606.65","-1,035.34"
14-Oct-13,"2,237.36","1,507.07",730.29,555.35,"1,196.55",-641.2
11-Oct-13,"2,765.32","1,754.87","1,010.45",947.35,"1,491.54",-544.19
10-Oct-13,"2,294.53","1,680.26",614.27,933.06,"1,393.53",-460.47
09-Oct-13,"2,706.65","2,380.07",326.58,"1,265.51","1,362.61",-97.1
08-Oct-13,"2,611.10","2,384.78",226.32,706.64,"1,160.99",-454.35
07-Oct-13,"2,422.94","1,928.81",494.13,794.74,"1,062.20",-267.46
04-Oct-13,"2,316.54","1,775.18",541.36,843.71,"1,145.78",-302.07
03-Oct-13,"3,891.02","2,893.81",997.21,"1,074.65","1,567.65",-493
01-Oct-13,"1,728.67","1,835.63",-106.96,944.22,818.87,125.35
30-Sep-13,"2,147.39","2,667.03",-519.64,"1,072.96",983.2,89.76
27-Sep-13,"1,787.12","2,032.07",-244.95,941.05,"1,056.32",-115.27
26-Sep-13,"3,432.45","3,260.30",172.15,"1,178.09","1,540.20",-362.11
25-Sep-13,"3,365.87","2,983.42",382.45,772.14,"1,245.42",-473.28
24-Sep-13,"3,122.21","3,143.30",-21.09,"1,036.30","1,530.04",-493.74
23-Sep-13,"2,779.44","2,860.01",-80.57,822.05,"1,567.93",-745.88
20-Sep-13,"5,476.38","4,530.62",945.76,"1,080.60","1,870.82",-790.22
19-Sep-13,"7,118.16","3,574.32","3,543.84","1,324.83","3,154.55","-1,829.72"
18-Sep-13,"2,476.35","1,896.22",580.13,680.82,"1,189.23",-508.41
17-Sep-13,"2,345.89","2,027.84",318.05,477.43,978.62,-501.19
16-Sep-13,"2,829.31","2,546.44",282.87,"1,032.31","1,457.48",-425.17
13-Sep-13,"2,688.62","2,786.62",-98,744.2,896.29,-152.09
12-Sep-13,"3,764.75","2,834.21",930.54,"1,065.48","1,460.97",-395.49
11-Sep-13,"3,272.46","2,685.96",586.5,"1,309.22","1,695.34",-386.12
10-Sep-13,"5,984.75","3,421.15","2,563.60",954.02,"2,352.07","-1,398.05"
06-Sep-13,"3,856.12","3,055.41",800.71,"1,204.47","1,443.00",-238.53
05-Sep-13,"4,293.44","3,192.03","1,101.41","1,158.60","1,651.42",-492.82
04-Sep-13,"2,800.26","2,627.73",172.53,970.18,"1,192.54",-222.36
03-Sep-13,"2,065.95","2,782.11",-716.16,"1,400.58",804.15,596.43
02-Sep-13,"2,513.48","2,037.56",475.92,697.06,982.87,-285.81
30-Aug-13,"6,422.29","6,501.14",-78.85,"2,251.77","1,520.70",731.07
29-Aug-13,"4,904.11","5,152.29",-248.18,"1,649.16","1,724.96",-75.8
28-Aug-13,"4,107.00","5,227.43","-1,120.43","2,243.56","1,736.78",506.78
27-Aug-13,"2,936.12","4,310.11","-1,373.99","1,713.12","1,232.62",480.5
26-Aug-13,"2,251.05","2,858.48",-607.43,"1,472.37","1,062.38",409.99
23-Aug-13,"3,433.98","3,582.55",-148.57,"1,496.80",740.93,755.87
22-Aug-13,"3,531.13","4,808.77","-1,277.64","1,682.21","1,292.55",389.66
21-Aug-13,"3,955.22","4,747.33",-792.11,"1,831.70","1,056.25",775.45
20-Aug-13,"2,989.94","4,414.26","-1,424.32","1,991.20",925.05,"1,066.15"
19-Aug-13,"2,805.12","3,485.20",-680.08,"1,458.93","1,086.28",372.65
16-Aug-13,"4,336.64","4,899.87",-563.23,"1,940.51","1,208.28",732.23
14-Aug-13,"2,819.20","2,571.24",247.96,"1,401.47","1,152.19",249.28
13-Aug-13,"3,419.10","3,192.02",227.08,"1,242.50","1,127.21",115.29
12-Aug-13,"3,227.31","2,818.95",408.36,"1,122.89",864.08,258.81
08-Aug-13,"2,888.12","3,283.90",-395.78,"1,484.38",968.23,516.15
07-Aug-13,"3,428.17","3,779.09",-350.92,"1,561.88","1,300.15",261.73
06-Aug-13,"3,275.31","3,062.57",212.74,"1,217.41","1,541.15",-323.74
05-Aug-13,"2,900.52","2,867.17",33.35,833.89,"1,137.02",-303.13
02-Aug-13,"3,358.14","3,074.35",283.79,"1,174.47","1,515.07",-340.6
01-Aug-13,"3,704.13","3,526.35",177.78,"1,263.28","1,556.90",-293.62
29-Jul-13,"2,180.38","2,412.15",-231.77,"1,108.18","1,209.44",-101.26
26-Jul-13,"2,787.19","2,509.15",278.04,"1,116.55","1,605.72",-489.17
25-Jul-13,"4,232.84","4,675.78",-442.94,"1,978.18","2,116.98",-138.8
24-Jul-13,"2,871.92","3,276.42",-404.5,"1,384.44","1,713.24",-328.8
23-Jul-13,"2,527.54","2,316.18",211.36,"1,072.01","1,011.15",60.86
22-Jul-13,"1,758.33","2,164.35",-406.02,"1,262.87",963.02,299.85
19-Jul-13,"3,396.35","3,144.09",252.26,"1,364.17","1,593.27",-229.1
18-Jul-13,"3,188.45","3,366.74",-178.29,"1,423.83","1,663.24",-239.41
17-Jul-13,"4,218.43","4,244.52",-26.09,"1,902.53","1,976.39",-73.86
16-Jul-13,"2,503.01","2,860.41",-357.4,"1,371.11","1,581.66",-210.55
15-Jul-13,"1,908.56","2,135.81",-227.25,"1,217.46",763.18,454.28
12-Jul-13,"2,902.70","2,257.88",644.82,"1,153.92","1,298.89",-144.97
11-Jul-13,"2,527.29","1,889.03",638.26,842.71,"1,077.32",-234.61
10-Jul-13,"2,004.86","1,929.40",75.46,"1,011.37",982.59,28.78
09-Jul-13,"2,603.01","2,437.41",165.6,"1,070.75","1,032.92",37.83
08-Jul-13,"2,117.95","2,322.41",-204.46,831.09,890.2,-59.11
05-Jul-13,"1,545.40","1,561.11",-15.71,891.54,786.27,105.27
04-Jul-13,"2,079.02","1,914.46",164.56,948.57,"1,024.78",-76.21
03-Jul-13,"2,335.64","3,040.70",-705.06,"1,207.37",954.49,252.88
02-Jul-13,"2,301.07","2,344.27",-43.2,993.01,"1,118.34",-125.33
01-Jul-13,"2,272.67","2,274.14",-1.47,"1,196.82",983.22,213.6
28-Jun-13,"5,792.07","4,667.76","1,124.31","1,430.12","2,011.40",-581.28
27-Jun-13,"5,110.77","6,154.04","-1,043.27","1,290.11",931.73,358.38
26-Jun-13,"3,062.40","3,610.19",-547.79,"1,187.00",850.02,336.98
25-Jun-13,"2,519.40","3,805.26","-1,285.86","1,993.06","1,168.70",824.36
24-Jun-13,"2,344.26","3,897.24","-1,552.98","1,897.71",966.6,931.11
21-Jun-13,"2,796.90","4,565.50","-1,768.60","2,167.16",970.51,"1,196.65"
20-Jun-13,"2,283.48","4,377.54","-2,094.06","2,605.19","1,272.69","1,332.50"
19-Jun-13,"1,984.88","2,529.84",-544.96,"1,171.53",755.71,415.82
18-Jun-13,"1,784.15","2,381.53",-597.38,"1,246.13",663.48,582.65
17-Jun-13,"1,693.88","1,858.98",-165.1,"1,123.21",761.68,361.53
14-Jun-13,"3,390.93","3,696.61",-305.68,"1,648.51",737.89,910.62
13-Jun-13,"2,460.85","3,018.91",-558.06,"1,691.25",977.48,713.77
12-Jun-13,"2,511.04","3,571.21","-1,060.17","1,788.65","1,070.76",717.89
11-Jun-13,"2,612.89","3,498.74",-885.85,"1,754.63","1,441.21",313.42
10-Jun-13,"2,229.24","2,343.24",-114,764.93,834.68,-69.75
07-Jun-13,"2,444.08","2,286.18",157.9,980.79,808.09,172.7
06-Jun-13,"2,088.43","2,358.90",-270.47,"1,033.05",734.97,298.08
05-Jun-13,"2,305.86","2,217.37",88.49,790.34,890.09,-99.75
04-Jun-13,"2,434.43","2,349.64",84.79,802.98,"1,019.43",-216.45
03-Jun-13,"2,467.79","2,554.46",-86.67,970.34,"1,042.15",-71.81
30-May-13,"5,826.88","5,039.41",787.47,"1,070.88","1,386.74",-315.86
29-May-13,"2,995.56","2,351.75",643.81,620.84,928.96,-308.12
28-May-13,"2,851.06","2,139.94",711.12,708.9,"1,216.72",-507.82
27-May-13,"2,525.75","2,119.72",406.03,696.51,"1,212.90",-516.39
24-May-13,"2,337.08","2,575.64",-238.56,"1,080.30","1,213.09",-132.79
23-May-13,"3,783.20","3,466.97",316.23,"1,162.23","1,700.98",-538.75
22-May-13,"2,733.20","2,193.01",540.19,554.13,"1,527.28",-973.15
21-May-13,"2,837.79","2,158.35",679.44,686.14,"1,552.84",-866.7
20-May-13,"3,043.41","2,290.04",753.37,"1,011.53","1,775.85",-764.32
17-May-13,"3,140.10","2,272.17",867.93,999.2,"1,715.89",-716.69
16-May-13,"3,892.20","2,821.88","1,070.32","1,298.93","1,689.35",-390.42
15-May-13,"4,362.40","2,715.45","1,646.95","1,244.05","1,991.16",-747.11
14-May-13,"2,276.29","1,855.30",420.99,552.49,965.15,-412.66
13-May-13,"1,872.30","1,628.21",244.09,651.09,"1,105.91",-454.82
10-May-13,"2,395.67","1,851.56",544.11,755.87,"1,258.19",-502.32
09-May-13,"2,249.43","1,586.55",662.88,736.23,"1,212.92",-476.69
08-May-13,"3,036.88","2,059.89",976.99,782.24,"1,451.32",-669.08
07-May-13,"3,021.82","2,366.61",655.21,744.18,"1,473.35",-729.17
06-May-13,"2,402.72","1,505.26",897.46,622.05,"1,162.88",-540.83
03-May-13,"2,903.75","1,949.80",953.95,886.12,"1,678.90",-792.78
02-May-13,"4,608.10","3,178.16","1,429.94","1,115.58","2,014.65",-899.07
30-Apr-13,"3,692.70","2,815.77",876.93,"1,119.32","1,466.49",-347.17
29-Apr-13,"2,855.40","2,235.02",620.38,"1,014.58","1,380.78",-366.2
26-Apr-13,"3,337.36","3,112.61",224.75,"1,034.39","1,412.17",-377.78
25-Apr-13,"6,226.62","4,776.92","1,449.70","1,054.58","2,324.01","-1,269.43"
23-Apr-13,"2,375.76","2,149.55",226.21,587.25,"1,115.54",-528.29
22-Apr-13,"3,656.18","2,740.36",915.82,"1,025.65","1,468.19",-442.54
18-Apr-13,"3,633.75","2,693.68",940.07,953.71,"1,358.93",-405.22
17-Apr-13,"3,714.78","3,508.10",206.68,"1,043.55","1,304.48",-260.93
16-Apr-13,"3,095.66","2,503.91",591.75,792.91,997.8,-204.89
12-Apr-13,"2,858.20","2,886.79",-28.59,795.91,"1,107.83",-311.92
11-Apr-13,"3,395.11","3,358.48",36.63,659.02,601.31,57.71
10-Apr-13,"2,822.16","2,781.94",40.22,841.82,644.53,197.29
09-Apr-13,"2,080.02","2,744.92",-664.9,"1,628.17",640.36,987.81
08-Apr-13,"1,546.88","1,710.83",-163.95,777.09,564.37,212.72
05-Apr-13,"2,018.73","2,221.92",-203.19,963.91,942.44,21.47
04-Apr-13,"1,942.70","2,268.91",-326.21,921.28,856.55,64.73
03-Apr-13,"2,353.92","2,722.31",-368.39,830.24,792.51,37.73
02-Apr-13,"1,979.52","2,024.93",-45.41,780.97,575.17,205.8
01-Apr-13,"1,854.41","1,541.34",313.07,467.94,737.1,-269.16
28-Mar-13,"5,973.44","5,399.57",573.87,"1,477.00","1,823.12",-346.12
26-Mar-13,"2,898.54","2,360.27",538.27,928.57,"1,052.78",-124.21
25-Mar-13,"3,366.18","2,648.29",717.89,"1,089.57","1,515.18",-425.61
22-Mar-13,"2,931.55","2,945.75",-14.2,"1,053.27","1,188.84",-135.57
21-Mar-13,"3,469.45","3,101.14",368.31,"1,249.68","1,279.76",-30.08
20-Mar-13,"3,323.53","3,560.25",-236.72,"1,225.37","1,582.30",-356.93
19-Mar-13,"3,881.39","3,818.76",62.63,"1,481.04","1,409.66",71.38
18-Mar-13,"2,697.35","2,191.35",506,615.21,"1,075.10",-459.89
15-Mar-13,"4,384.65","3,365.72","1,018.93","1,048.84","1,633.32",-584.48
14-Mar-13,"3,261.11","2,654.00",607.11,893.79,"1,722.98",-829.19
13-Mar-13,"2,508.12","2,204.29",303.83,687.28,"1,121.66",-434.38
12-Mar-13,"2,740.66","2,007.41",733.25,625.67,"1,503.05",-877.38
11-Mar-13,"3,240.64","2,252.42",988.22,830.63,"1,617.21",-786.58
08-Mar-13,"3,442.45","2,158.87","1,283.58",868.5,"1,705.08",-836.58
07-Mar-13,"3,197.69","2,567.22",630.47,713.69,"1,428.80",-715.11
06-Mar-13,"3,505.68","2,981.63",524.05,938.92,"1,538.91",-599.99
05-Mar-13,"3,439.84","3,219.05",220.79,"1,164.08","1,408.88",-244.8
04-Mar-13,"3,422.48","3,452.58",-30.1,958.88,"1,069.96",-111.08
01-Mar-13,"3,876.99","3,250.10",626.89,"1,251.36","1,297.21",-45.85
28-Feb-13,"7,216.00","8,533.79","-1,317.79","2,491.70","2,073.76",417.94
27-Feb-13,"3,666.18","3,559.82",106.36,"1,225.26","1,200.56",24.7
26-Feb-13,"3,150.24","3,075.56",74.68,"1,213.80","1,374.41",-160.61
25-Feb-13,"2,527.79","2,281.08",246.71,820.75,982.72,-161.97
22-Feb-13,"2,864.02","2,583.72",280.3,937.21,"1,289.19",-351.98
21-Feb-13,"4,529.02","3,315.45","1,213.57","1,304.63","1,533.41",-228.78
20-Feb-13,"3,129.51","2,695.92",433.59,597.13,"1,188.31",-591.18
19-Feb-13,"1,641.18","1,822.75",-181.57,510.75,486.08,24.67
18-Feb-13,"2,159.61","2,016.70",142.91,668.48,779.03,-110.55
15-Feb-13,"2,738.61","2,491.31",247.3,797.63,"1,043.61",-245.98
14-Feb-13,"3,365.04","3,043.78",321.26,"1,214.65","1,463.64",-248.99
13-Feb-13,"3,209.04","2,408.73",800.31,966.34,"1,256.03",-289.69
12-Feb-13,"2,528.32","1,924.16",604.16,814.97,"1,227.12",-412.15
11-Feb-13,"3,630.49","2,634.66",995.83,668.09,"1,608.99",-940.9
08-Feb-13,"4,385.02","2,894.20","1,490.82",953.3,"1,662.66",-709.36
07-Feb-13,"3,121.19","2,294.05",827.14,827.75,"1,817.48",-989.73
06-Feb-13,"4,047.23","2,909.27","1,137.96",800.41,"2,024.48","-1,224.07"
05-Feb-13,"3,256.71","2,767.44",489.27,817.08,"1,756.00",-938.92
04-Feb-13,"3,489.13","2,632.19",856.94,746.78,"1,339.11",-592.33
01-Feb-13,"3,325.94","2,562.66",763.28,772.15,"1,860.77","-1,088.62"
30-Jan-13,"3,802.74","2,896.38",906.36,"1,083.02","2,178.84","-1,095.82"
29-Jan-13,"4,389.51","3,489.68",899.83,"1,157.83","2,096.54",-938.71
28-Jan-13,"3,277.03","2,493.47",783.56,938.84,"1,803.06",-864.22
25-Jan-13,"3,789.00","3,202.13",586.87,779.57,"1,111.49",-331.92
24-Jan-13,"4,522.58","3,496.26","1,026.32","1,198.24","1,950.50",-752.26
23-Jan-13,"3,525.59","2,722.97",802.62,952.28,"1,804.61",-852.33
22-Jan-13,"3,514.55","2,468.15","1,046.40","1,002.79","1,858.14",-855.35
21-Jan-13,"3,434.62","2,591.66",842.96,"1,014.43","1,904.60",-890.17
18-Jan-13,"4,327.82","3,162.13","1,165.69","1,664.39","2,632.00",-967.61
17-Jan-13,"3,604.10","3,039.90",564.2,"1,423.52","1,943.30",-519.78
16-Jan-13,"3,496.14","2,466.64","1,029.50","1,095.85","1,787.61",-691.76
15-Jan-13,"3,565.73","2,488.18","1,077.55","1,339.33","2,095.17",-755.84
14-Jan-13,"3,363.98","2,752.88",611.1,"1,100.39","2,310.94","-1,210.55"
11-Jan-13,"3,507.98","2,682.81",825.17,"1,363.88","1,879.95",-516.07
09-Jan-13,"3,784.62","2,935.67",848.95,"1,111.15","1,629.45",-518.3
08-Jan-13,"3,177.07","2,289.69",887.38,735.4,"1,763.52","-1,028.12"
04-Jan-13,"3,187.89","2,023.48","1,164.41","1,148.55","1,973.95",-825.4
03-Jan-13,"3,089.48","1,692.11","1,397.37",996.46,"1,902.42",-905.96
02-Jan-13,"2,341.67","1,234.01","1,107.66","1,271.09","1,688.50",-417.41
01-Jan-13,885.51,220.46,665.05,857.63,"1,263.77",-406.14
31-Dec-12,"1,578.97",752.63,826.34,911.94,"1,112.91",-200.97
28-Dec-12,"2,685.09","1,851.69",833.4,773.1,"1,303.45",-530.35
27-Dec-12,"3,731.45","3,864.13",-132.68,"1,287.65","1,154.88",132.77
26-Dec-12,"2,035.17","1,291.38",743.79,768.47,"1,069.32",-300.85
24-Dec-12,"1,631.39","1,171.72",459.67,542.53,780.79,-238.26
21-Dec-12,"2,691.09","2,575.74",115.35,"1,426.05","1,167.84",258.21
20-Dec-12,"2,819.74","2,352.99",466.75,956.37,"1,400.39",-444.02
19-Dec-12,"4,483.24","3,238.28","1,244.96","1,016.32","1,385.38",-369.06
18-Dec-12,"3,343.85","2,421.48",922.37,"1,165.96","1,657.08",-491.12
17-Dec-12,"3,551.68","2,665.00",886.68,853.94,"1,544.27",-690.33
14-Dec-12,"2,666.60","2,092.22",574.38,888.98,"1,401.41",-512.43
13-Dec-12,"3,668.94","2,412.37","1,256.57",890.42,"1,556.09",-665.67
12-Dec-12,"4,380.29","3,427.54",952.75,993.2,"1,358.27",-365.07
11-Dec-12,"3,605.68","2,295.80","1,309.88",860.59,"1,888.93","-1,028.34"
10-Dec-12,"2,561.71","1,863.48",698.23,678.91,"1,265.49",-586.58
07-Dec-12,"2,854.32","2,206.27",648.05,"1,034.47","1,832.95",-798.48
06-Dec-12,"2,855.57","2,017.43",838.14,"1,029.28","1,692.02",-662.74
05-Dec-12,"2,819.35","1,940.78",878.57,"1,158.06","1,797.84",-639.78
04-Dec-12,"2,371.34","1,831.39",539.95,"1,062.21","1,496.31",-434.1
03-Dec-12,"1,955.34","1,652.00",303.34,"1,087.32","1,423.26",-335.94
30-Nov-12,"8,357.27","6,745.84","1,611.43","1,455.74","2,254.37",-798.63
29-Nov-12,"7,345.23","5,765.26","1,579.97","1,332.51","2,228.73",-896.22
26-Nov-12,"1,546.55","1,383.41",163.14,600.01,795.67,-195.66
23-Nov-12,"1,736.16","1,369.79",366.37,532.64,716.91,-184.27
22-Nov-12,"1,577.55","1,462.79",114.76,674.13,838.13,-164
21-Nov-12,"2,070.57","1,887.98",182.59,756.42,889.5,-133.08
20-Nov-12,"2,377.81","2,234.43",143.38,769.65,781.18,-11.53
19-Nov-12,"1,738.25","1,739.77",-1.52,766.47,"1,269.07",-502.6
16-Nov-12,"2,992.05","2,482.34",509.71,919.18,"1,293.90",-374.72
15-Nov-12,"3,742.91","3,696.46",46.45,784.95,"1,166.62",-381.67
13-Nov-12,120.16,138.25,-18.09,50.48,31.41,19.07
12-Nov-12,"3,922.47","3,692.74",229.73,909.41,"1,030.73",-121.32
08-Nov-12,"2,053.35","1,792.14",261.21,901.63,817.05,84.58
07-Nov-12,"2,384.38","1,655.93",728.45,"1,115.36","1,312.31",-196.95
05-Nov-12,"1,363.47",989.54,373.93,577.07,921.49,-344.42
31-Oct-12,"2,194.02","1,945.54",248.48,"1,038.05","1,135.90",-97.85
30-Oct-12,"1,448.83","1,640.36",-191.53,"1,265.79","1,297.63",-31.84
29-Oct-12,"1,563.31","1,639.88",-76.57,839.42,849.17,-9.75
26-Oct-12,"1,612.59","1,811.43",-198.84,854.24,944.17,-89.93
25-Oct-12,"4,724.36","5,275.70",-551.34,"1,061.26","1,026.53",34.73
23-Oct-12,"2,211.10","1,958.70",252.4,658.04,956.93,-298.89
22-Oct-12,"1,882.71","1,641.03",241.68,741.38,879.27,-137.89
18-Oct-12,"2,336.35","2,405.22",-68.87,"1,208.96","1,393.52",-184.56
17-Oct-12,"2,176.60","2,141.06",35.54,893.12,"1,141.52",-248.4
16-Oct-12,"1,993.26","2,197.45",-204.19,"1,342.58",747.19,595.39
15-Oct-12,"1,273.02","1,252.86",20.16,657.04,742.56,-85.52
12-Oct-12,"2,292.36","2,091.20",201.16,"1,172.31",984.02,188.29
11-Oct-12,"3,429.18","2,386.17","1,043.01",987.53,"1,560.85",-573.32
10-Oct-12,"2,079.28","1,671.68",407.6,733.42,"1,129.78",-396.36
09-Oct-12,"2,327.01","1,713.03",613.98,697.69,"1,128.29",-430.6
08-Oct-12,"2,979.06","2,415.22",563.84,820.42,"1,599.03",-778.61
05-Oct-12,"6,806.29","2,454.30","4,351.99","1,439.55","1,628.65",-189.1
04-Oct-12,"3,245.74","2,301.21",944.53,"1,327.64","2,146.20",-818.56
03-Oct-12,"3,626.40","3,024.01",602.39,"1,048.51","1,716.65",-668.14
01-Oct-12,"2,104.60","1,897.09",207.51,866.81,"1,341.01",-474.2
28-Sep-12,"3,987.75","2,757.40","1,230.35","1,412.26","2,091.32",-679.06
27-Sep-12,"5,509.53","5,109.79",399.74,"1,496.19","1,944.06",-447.87
26-Sep-12,"3,601.00","2,912.51",688.49,"1,315.80","2,011.70",-695.9
25-Sep-12,"8,586.00","2,740.42","5,845.58","1,058.36","2,432.47","-1,374.11"
24-Sep-12,"4,500.86","2,905.14","1,595.72","1,366.46","2,522.91","-1,156.45"
21-Sep-12,"6,806.02","4,478.20","2,327.82","1,758.29","2,885.57","-1,127.28"
20-Sep-12,"3,187.08","3,260.75",-73.67,"1,136.67","1,467.78",-331.11
18-Sep-12,"3,764.11","2,714.94","1,049.17","1,506.03","2,176.75",-670.72
17-Sep-12,"5,889.33","3,637.16","2,252.17","2,248.96","3,086.68",-837.72
14-Sep-12,"5,355.25","2,521.53","2,833.72","1,818.41","2,506.41",-688
13-Sep-12,"2,001.61","1,640.13",361.48,851.95,"1,008.00",-156.05
12-Sep-12,"1,912.55","1,461.36",451.19,"1,179.45","1,235.21",-55.76
11-Sep-12,"1,735.72","1,312.13",423.59,711.27,"1,077.07",-365.8
10-Sep-12,"2,033.66","1,340.93",692.73,665.1,983.42,-318.32
07-Sep-12,"2,634.02","2,131.84",502.18,"1,423.49","1,205.20",218.29
06-Sep-12,"1,845.81","1,679.23",166.58,887.06,920.82,-33.76
05-Sep-12,"2,135.61","2,324.26",-188.65,910.44,"1,076.72",-166.28
04-Sep-12,"1,634.31","1,329.90",304.41,702.67,808.27,-105.6
03-Sep-12,"1,669.48","1,724.27",-54.79,682.27,842.97,-160.7
31-Aug-12,"3,084.38","3,295.46",-211.08,"1,114.32","1,286.86",-172.54
30-Aug-12,"5,167.92","2,861.82","2,306.10","1,836.46","1,508.35",328.11
29-Aug-12,"2,044.28","1,900.98",143.3,850.84,"1,090.64",-239.8
28-Aug-12,"2,006.02","1,912.93",93.09,965.1,"1,279.49",-314.39
27-Aug-12,"1,507.35","1,306.96",200.39,520.7,"1,021.42",-500.72
24-Aug-12,"2,068.49","1,842.43",226.06,806.33,"1,163.01",-356.68
23-Aug-12,"2,473.72","2,161.93",311.79,929.59,"1,090.69",-161.1
22-Aug-12,"1,554.76","1,458.12",96.64,809.99,"1,040.13",-230.14
21-Aug-12,"2,220.91","2,079.54",141.37,"1,022.73","1,164.37",-141.64
17-Aug-12,"2,169.11","1,860.89",308.22,"1,044.55","1,004.36",40.19
16-Aug-12,"2,447.90","2,352.89",95.01,"1,259.33","1,034.03",225.3
13-Aug-12,"2,020.01","1,680.25",339.76,701.28,877.62,-176.34
10-Aug-12,"2,373.23","2,290.07",83.16,786.3,"1,322.99",-536.69
09-Aug-12,"2,272.94","1,935.80",337.14,989.78,"1,744.18",-754.4
08-Aug-12,"2,751.60","1,637.39","1,114.21",928.83,"1,723.53",-794.7
07-Aug-12,"2,455.56","1,639.61",815.95,"1,234.50","1,179.26",55.24
06-Aug-12,"1,738.14","1,182.41",555.73,876.85,881.08,-4.23
03-Aug-12,"1,508.84","1,300.15",208.69,804.26,"1,238.91",-434.65
02-Aug-12,"1,653.63","1,513.50",140.13,838.34,904.82,-66.48
01-Aug-12,"2,014.83","1,573.38",441.45,813.64,986.61,-172.97
30-Jul-12,"2,446.40","1,517.45",928.95,882.49,"1,116.21",-233.72
27-Jul-12,"2,812.53","2,248.81",563.72,881.56,"1,136.00",-254.44
26-Jul-12,"2,831.49","4,012.19","-1,180.70","1,634.25","1,211.55",422.7
25-Jul-12,"1,760.39","2,132.60",-372.21,"1,012.30","1,022.77",-10.47
24-Jul-12,"1,547.31","1,800.22",-252.91,"1,091.62","1,052.39",39.23
23-Jul-12,"1,530.54","1,421.37",109.17,701.25,"1,055.00",-353.75
20-Jul-12,"1,691.17","1,513.06",178.11,804.38,868.78,-64.4
19-Jul-12,"2,021.60","1,895.82",125.78,924.56,"1,153.40",-228.84
18-Jul-12,"2,259.49","1,983.09",276.4,821.88,987.63,-165.75
17-Jul-12,"2,088.27","1,613.32",474.95,777.45,"1,043.66",-266.21
16-Jul-12,"1,639.72","1,382.55",257.17,683.29,723.88,-40.59
13-Jul-12,"1,957.01","1,675.88",281.13,611.04,981.45,-370.41
12-Jul-12,"2,470.46","2,201.92",268.54,841.76,"1,379.74",-537.98
11-Jul-12,"2,365.04","2,280.62",84.42,759.44,"1,116.29",-356.85
10-Jul-12,"2,170.26","1,563.72",606.54,830.16,"1,318.49",-488.33
09-Jul-12,"1,598.62","1,345.64",252.98,627.55,915.2,-287.65
06-Jul-12,"1,915.84","1,344.07",571.77,859.8,"1,083.27",-223.47
05-Jul-12,"2,659.08","2,229.86",429.22,995.17,"1,198.20",-203.03
04-Jul-12,"2,135.30","1,896.11",239.19,"1,185.24","1,347.01",-161.77
03-Jul-12,"2,233.64","1,643.93",589.71,715.98,"1,259.95",-543.97
02-Jul-12,"2,104.11","1,513.05",591.06,783.2,"1,230.69",-447.49
29-Jun-12,"4,747.12","1,700.36","3,046.76","1,532.57","1,783.28",-250.71
28-Jun-12,"3,805.31","4,917.94","-1,112.63","1,858.24","1,085.87",772.37
27-Jun-12,"1,914.47","1,828.38",86.09,709.31,724.38,-15.07
26-Jun-12,"1,471.53","1,458.50",13.03,625.14,980.19,-355.05
25-Jun-12,"1,404.14","1,251.04",153.1,773.18,747,26.18
22-Jun-12,"1,310.71","1,484.93",-174.22,884.49,885.76,-1.27
21-Jun-12,"1,971.61","1,852.03",119.58,"1,013.08",969.52,43.56
19-Jun-12,"1,668.25","1,761.55",-93.3,725.48,"1,004.18",-278.7
18-Jun-12,"1,698.62","1,286.21",412.41,895.55,958.91,-63.36
15-Jun-12,"2,515.79","2,176.79",339,801.7,922.37,-120.67
14-Jun-12,"1,254.35","1,149.27",105.08,655.4,938.23,-282.83
13-Jun-12,"1,868.63","1,650.95",217.68,918.99,842.12,76.87
12-Jun-12,"1,423.32","1,479.92",-56.6,868.66,922.87,-54.21
11-Jun-12,"1,596.61","1,466.23",130.38,739.49,954.15,-214.66
08-Jun-12,"1,779.50","1,577.49",202.01,716.51,797.99,-81.48
07-Jun-12,"2,737.99","2,062.51",675.48,939.25,972.99,-33.74
06-Jun-12,"3,310.26","3,041.05",269.21,"1,411.75",922.61,489.14
05-Jun-12,"1,193.74","1,874.60",-680.86,"1,400.18",605.53,794.65
04-Jun-12,"1,492.85","2,129.99",-637.14,"1,102.98",656.75,446.23
01-Jun-12,"1,791.48","2,011.86",-220.38,865.54,660.04,205.5
30-May-12,"2,192.44","2,203.18",-10.74,558.13,740.74,-182.61
29-May-12,"1,539.21","1,448.71",90.5,727.89,927.29,-199.4
28-May-12,"1,233.83","1,124.95",108.88,664.38,496.68,167.7
25-May-12,"1,001.53","1,625.29",-623.76,927.63,492.98,434.65
24-May-12,"1,633.59","1,739.32",-105.73,732.16,602.14,130.02
23-May-12,"1,534.16","1,895.23",-361.07,780.79,612.3,168.49
22-May-12,"1,611.91","1,895.25",-283.34,927.65,720.05,207.6
21-May-12,"1,334.72","1,414.31",-79.59,662.44,513.24,149.2
18-May-12,"1,672.69","1,921.62",-248.93,"1,021.59",872.65,148.94
17-May-12,"2,289.29","2,298.96",-9.67,955.33,701.18,254.15
16-May-12,"2,239.47","2,786.32",-546.85,"1,415.78","1,243.95",171.83
15-May-12,"1,824.10","2,008.38",-184.28,924.29,"1,007.14",-82.85
14-May-12,"2,080.58","1,725.48",355.1,850.14,995.19,-145.05
11-May-12,"1,525.07","1,366.51",158.56,813.02,"1,056.31",-243.29
10-May-12,"1,916.25","1,598.83",317.42,"1,046.05","1,189.58",-143.53
09-May-12,"2,202.18","2,578.52",-376.34,"1,222.15","1,059.78",162.37
08-May-12,"1,905.58","2,304.56",-398.98,"1,177.65",920.05,257.6
07-May-12,"2,162.56","2,793.37",-630.81,"1,327.64","1,053.87",273.77
04-May-12,"3,419.72","2,991.80",427.92,"1,118.42","1,398.53",-280.11
03-May-12,"2,361.49","2,287.75",73.74,791.09,"1,138.09",-347
02-May-12,"2,241.70","2,004.23",237.47,939.25,868.13,71.12
30-Apr-12,"2,100.62","1,621.09",479.53,668.05,914.86,-246.81
27-Apr-12,"2,078.31","2,454.53",-376.22,967.17,824.61,142.56
26-Apr-12,"3,356.74","3,732.82",-376.08,"1,491.42","1,427.93",63.49
25-Apr-12,"2,176.64","2,517.48",-340.84,911.18,870.48,40.7
24-Apr-12,"2,158.43","3,019.21",-860.78,"1,462.54","1,043.46",419.08
23-Apr-12,"1,351.70","1,759.19",-407.49,"1,206.48",754.78,451.7
20-Apr-12,"1,729.83","1,415.79",314.04,"1,059.95",925.21,134.74
19-Apr-12,"1,866.75","1,969.21",-102.46,936.84,835.84,101
18-Apr-12,"2,478.00","2,256.37",221.63,988.09,950.21,37.88
17-Apr-12,"2,403.64","1,962.49",441.15,964.09,"1,177.30",-213.21
16-Apr-12,"1,341.24","1,850.67",-509.43,932.45,714.22,218.23
13-Apr-12,"2,634.23","2,496.98",137.25,"1,329.61","1,809.29",-479.68
12-Apr-12,"2,030.33","1,894.35",135.98,"1,087.74",850.34,237.4
11-Apr-12,"1,890.35","2,336.12",-445.77,943.15,"1,025.39",-82.24
10-Apr-12,"1,864.42","2,193.09",-328.67,790.4,980.58,-190.18
09-Apr-12,"1,075.50","1,344.93",-269.43,586.69,692.51,-105.82
04-Apr-12,"1,330.46","1,284.64",45.82,839.54,712.84,126.7
03-Apr-12,"1,995.03","1,662.56",332.47,"1,096.77",896.49,200.28
02-Apr-12,"1,861.47","1,615.53",245.94,770.91,843.72,-72.81
29-Mar-12,"3,954.15","5,287.00","-1,332.85","1,408.00","1,108.33",299.67
28-Mar-12,"2,863.56","3,011.62",-148.06,895.94,822.91,73.03
27-Mar-12,"3,009.32","2,966.33",42.99,"1,039.42","1,329.47",-290.05
26-Mar-12,"3,998.36","4,133.65",-135.29,775.03,975.97,-200.94
23-Mar-12,"2,310.91","2,301.45",9.46,689.22,502.41,186.81
22-Mar-12,"2,643.39","2,396.83",246.56,"1,118.38","1,251.51",-133.13
21-Mar-12,"3,488.60","2,865.96",622.64,956.01,"1,249.71",-293.7
20-Mar-12,"2,110.50","1,999.41",111.09,994.5,"1,114.85",-120.35
19-Mar-12,"2,387.61","2,226.74",160.87,"1,111.51","1,407.49",-295.98
16-Mar-12,"3,490.69","2,607.11",883.58,"1,201.53","1,971.92",-770.39
15-Mar-12,"2,375.95","2,219.93",156.02,809.83,"1,199.00",-389.17
14-Mar-12,"3,813.19","2,153.91","1,659.28","1,285.06","2,142.17",-857.11
13-Mar-12,"2,758.88","1,886.20",872.68,943.46,"1,377.20",-433.74
12-Mar-12,"4,375.76","3,077.12","1,298.64","1,121.41",918.09,203.32
09-Mar-12,"4,039.93","2,755.28","1,284.65","1,106.66","1,119.56",-12.9
07-Mar-12,"2,240.41","2,745.00",-504.59,984.58,"1,114.49",-129.91
06-Mar-12,"2,629.95","2,871.17",-241.22,"1,238.12","1,058.21",179.91
05-Mar-12,"1,867.04","1,741.54",125.5,827.42,"1,085.75",-258.33
02-Mar-12,"2,395.00","1,816.35",578.65,994.28,"1,064.76",-70.48
01-Mar-12,"2,133.21","2,259.73",-126.52,998.54,"1,008.51",-9.97
29-Feb-12,"3,666.24","3,086.61",579.63,"1,113.77","1,544.84",-431.07
28-Feb-12,"2,937.55","2,209.96",727.59,"1,283.87","1,871.08",-587.21
27-Feb-12,"2,957.94","2,628.85",329.09,"1,206.72","1,905.86",-699.14
24-Feb-12,"11,138.59","2,183.29","8,955.30","1,055.99","1,892.70",-836.71
23-Feb-12,"4,069.92","3,965.37",104.55,"1,453.70","2,094.63",-640.93
22-Feb-12,"4,033.40","3,203.77",829.63,"1,215.07","2,547.97","-1,332.90"
21-Feb-12,"4,091.84","2,691.67","1,400.17","1,233.78","2,477.93","-1,244.15"
17-Feb-12,"4,126.95","3,590.46",536.49,"2,419.64","2,642.71",-223.07
16-Feb-12,"3,251.56","3,067.25",184.31,"1,383.42","1,773.74",-390.32
14-Feb-12,"2,955.58","1,925.46","1,030.12","1,109.31","1,517.95",-408.64
13-Feb-12,"2,600.01","2,130.24",469.77,832.72,"1,430.03",-597.31
10-Feb-12,"2,672.61","2,476.49",196.12,"1,335.59","1,384.89",-49.3
09-Feb-12,"3,985.22","2,784.56","1,200.66",964.39,"2,001.97","-1,037.58"
08-Feb-12,"4,402.73","4,018.49",384.24,"1,512.31","1,936.77",-424.46
07-Feb-12,"2,898.03","2,279.19",618.84,916.16,"1,770.62",-854.46
06-Feb-12,"3,512.46","2,514.52",997.94,"1,378.21","1,561.33",-183.12
03-Feb-12,"3,193.37","2,119.16","1,074.21","1,016.04","1,931.62",-915.58
02-Feb-12,"5,157.50","3,216.27","1,941.23","1,488.05","2,141.19",-653.14
01-Feb-12,"4,997.28","3,320.79","1,676.49","1,734.93","1,767.22",-32.29
30-Jan-12,"2,575.35","2,777.06",-201.71,772.39,"1,306.08",-533.69
27-Jan-12,"4,093.99","2,853.83","1,240.16","1,036.66","1,745.12",-708.46
25-Jan-12,"3,920.65","2,773.64","1,147.01","1,162.31","1,874.31",-712
24-Jan-12,"3,011.11","2,209.82",801.29,"1,391.98","1,654.63",-262.65
23-Jan-12,"1,579.16","1,637.96",-58.8,873.05,"1,311.53",-438.48
20-Jan-12,"3,509.75","2,689.91",819.84,"1,221.68","1,836.47",-614.79
19-Jan-12,"2,796.26","2,170.12",626.14,"1,087.26","1,333.85",-246.59
18-Jan-12,"3,008.08","2,132.23",875.85,884.51,"1,474.78",-590.27
17-Jan-12,"2,963.72","1,937.97","1,025.75","1,292.91","1,722.14",-429.23
16-Jan-12,"1,980.81","1,623.13",357.68,649.83,879.38,-229.55
13-Jan-12,"2,508.07","2,214.56",293.51,"1,198.43","1,375.69",-177.26
12-Jan-12,"2,538.65","2,031.85",506.8,944.07,"1,940.98",-996.91
11-Jan-12,"2,631.16","2,199.85",431.31,967.78,"1,149.96",-182.18
10-Jan-12,"2,782.51","2,458.19",324.32,"1,122.85","1,237.96",-115.11
09-Jan-12,"1,790.95","1,827.41",-36.46,583.75,554.49,29.26
06-Jan-12,"1,852.48","1,842.04",10.44,618.95,817.83,-198.88
05-Jan-12,"2,247.61","1,866.19",381.42,795.65,"1,084.86",-289.21
04-Jan-12,"1,836.86","1,697.89",138.97,856.02,939.43,-83.41
03-Jan-12,"1,356.89","1,101.50",255.39,988.27,781.76,206.51
02-Jan-12,458.53,552.4,-93.87,579.04,494.7,84.34
29-Dec-11,"1,504.50","2,520.32","-1,015.82",996.86,673.79,323.07
28-Dec-11,"1,238.81","1,157.37",81.44,532.14,628.63,-96.49
27-Dec-11,"1,038.06",823.75,214.31,497.22,592.51,-95.29
26-Dec-11,547.02,433.59,113.43,435.94,554.92,-118.98
23-Dec-11,"1,281.10","1,196.83",84.27,651.02,729.57,-78.55
22-Dec-11,"1,852.18","2,088.57",-236.39,"1,045.80",816.06,229.74
21-Dec-11,"2,208.25","2,352.48",-144.23,"1,019.65","1,152.91",-133.26
20-Dec-11,"1,976.14","2,502.40",-526.26,"1,053.82",867.1,186.72
19-Dec-11,"2,259.17","2,709.54",-450.37,"1,138.83","1,120.23",18.6
16-Dec-11,"2,235.54","2,455.79",-220.25,"1,159.08",823.78,335.3
15-Dec-11,"2,991.84","3,315.12",-323.28,986.71,938.62,48.09
14-Dec-11,"2,246.43","2,386.56",-140.13,"1,022.94",573.35,449.59
13-Dec-11,"1,597.52","2,158.32",-560.8,"1,251.49",769.56,481.93
12-Dec-11,"1,522.08","1,950.38",-428.3,"1,116.61",950.32,166.29
09-Dec-11,"1,771.67","2,020.24",-248.57,985.02,869.81,115.21
08-Dec-11,"2,164.69","2,138.97",25.72,845.47,"1,042.98",-197.51
07-Dec-11,"2,789.71","2,654.35",135.36,911.3,"1,101.41",-190.11
05-Dec-11,"1,506.92","1,360.19",146.73,650.91,613.24,37.67
02-Dec-11,"2,588.37","1,991.48",596.89,838.13,945.66,-107.53
01-Dec-11,"2,422.63","1,735.37",687.26,907.86,"1,620.94",-713.08
30-Nov-11,"6,245.15","6,211.03",34.12,"1,942.65","2,136.47",-193.82
29-Nov-11,"1,937.89","2,258.76",-320.87,"1,172.69",811.46,361.23
28-Nov-11,"1,723.62","2,026.21",-302.59,"1,075.94",768.64,307.3
25-Nov-11,"1,410.60","2,215.60",-805,"1,763.47",726.92,"1,036.55"
24-Nov-11,"2,072.95","3,709.03","-1,636.08","1,908.66",860.91,"1,047.75"
23-Nov-11,"1,776.24","2,962.66","-1,186.42","1,794.71",868.55,926.16
22-Nov-11,"1,764.71","2,717.39",-952.68,"1,814.54",749.03,"1,065.51"
21-Nov-11,"1,886.49","2,629.51",-743.02,"1,351.35",755.8,595.55
18-Nov-11,"1,796.37","2,667.99",-871.62,"1,375.06",994.67,380.39
17-Nov-11,"1,943.27","2,138.47",-195.2,"1,149.83",778.24,371.59
16-Nov-11,"1,743.78","2,232.67",-488.89,"1,374.11","1,096.32",277.79
15-Nov-11,"1,698.84","2,108.61",-409.77,"2,108.61",783.26,"1,325.35"
14-Nov-11,"2,542.99","2,221.37",321.62,862.44,871.74,-9.3
11-Nov-11,"3,049.99","3,133.25",-83.26,"1,045.76","1,158.94",-113.18
09-Nov-11,"2,280.59","1,721.55",559.04,811.92,"1,343.78",-531.86
08-Nov-11,"1,696.02","1,239.74",456.28,369.26,746.73,-377.47
04-Nov-11,"2,256.56","2,127.94",128.62,938.47,867.98,70.49
03-Nov-11,"1,884.03","1,868.58",15.45,973.06,971.15,1.91
02-Nov-11,"1,469.28","1,477.06",-7.78,736.5,744.29,-7.79
01-Nov-11,"1,914.74","1,935.40",-20.66,666.56,"1,239.97",-573.41
31-Oct-11,"2,587.45","2,228.67",358.78,945.29,"1,221.65",-276.36
28-Oct-11,"5,496.62","3,330.41","2,166.21","1,200.25","2,278.66","-1,078.41"
25-Oct-11,"3,678.07","3,233.31",444.76,"1,341.45","2,220.91",-879.46
24-Oct-11,"1,739.51","1,638.41",101.1,693.32,852.16,-158.84
21-Oct-11,"1,364.41","1,598.42",-234.01,822.86,749.5,73.36
20-Oct-11,"1,468.86","1,940.86",-472,719.91,845.18,-125.27
19-Oct-11,"1,768.89","1,783.34",-14.45,763.47,857.93,-94.46
18-Oct-11,"1,821.60","2,106.79",-285.19,830.19,963.08,-132.89
17-Oct-11,"2,653.35","2,058.34",595.01,"1,287.40","1,393.95",-106.55
14-Oct-11,"1,921.60","2,015.64",-94.04,894.46,"1,132.31",-237.85
13-Oct-11,"2,529.14","1,859.06",670.08,902.87,"1,160.23",-257.36
12-Oct-11,"2,653.35","2,058.34",595.01,"1,287.40","1,393.95",-106.55
11-Oct-11,"2,821.63","2,707.48",114.15,"1,338.50","1,230.33",108.17
10-Oct-11,"2,439.48","2,227.77",211.71,"1,133.52","1,170.65",-37.13
07-Oct-11,"3,567.05","3,075.50",491.55,"1,211.01","1,191.60",19.41
05-Oct-11,"2,025.78","3,034.65","-1,008.87","1,153.21",830.81,322.4
04-Oct-11,"2,062.41","3,033.85",-971.44,"1,578.45","1,022.64",555.81
03-Oct-11,"1,633.82","2,459.71",-825.89,"1,112.85",817.51,295.34
29-Sep-11,"3,539.32","3,769.62",-230.3,"1,058.77","1,461.65",-402.88
28-Sep-11,"2,705.14","2,520.17",184.97,907.32,791.73,115.59
27-Sep-11,"2,132.80","2,098.72",34.08,960.76,690.71,270.05
26-Sep-11,"1,240.60","2,324.43","-1,083.83","1,165.51",590.3,575.21
23-Sep-11,"1,640.68","2,920.29","-1,279.61","1,480.67",715.29,765.38
22-Sep-11,"1,364.68","2,670.23","-1,305.55","1,421.47",678,743.47
21-Sep-11,"2,009.89","1,766.44",243.45,866.17,881.65,-15.48
20-Sep-11,"2,118.13","1,799.29",318.84,748.52,"1,066.21",-317.69
19-Sep-11,"1,475.52","1,641.73",-166.21,530.65,568.15,-37.5
16-Sep-11,"3,675.29","3,280.13",395.16,"1,165.58","1,126.25",39.33
15-Sep-11,"1,978.63","1,842.08",136.55,795.5,791.1,4.4
14-Sep-11,"2,101.11","2,146.93",-45.82,788.79,971.47,-182.68
13-Sep-11,"1,281.69","1,750.10",-468.41,877.27,756.08,121.19
12-Sep-11,"1,582.64","2,517.38",-934.74,"1,150.90",722.97,427.93
09-Sep-11,"2,355.77","2,783.44",-427.67,"1,125.20","1,040.13",85.07
08-Sep-11,"2,228.54","2,214.36",14.18,853.19,"1,119.80",-266.61
07-Sep-11,"3,049.63","2,787.20",262.43,"1,224.70","1,305.51",-80.81
06-Sep-11,"3,629.92","3,198.44",431.48,862.48,"1,277.65",-415.17
05-Sep-11,"2,971.10","2,837.88",133.22,"1,110.29",963.06,147.23
02-Sep-11,"4,704.39","3,546.01","1,158.38",906.05,"1,252.33",-346.28
30-Aug-11,"2,965.58","2,344.68",620.9,"1,283.68","1,181.77",101.91
29-Aug-11,"2,211.38","1,845.19",366.19,823.88,"1,149.38",-325.5
26-Aug-11,"2,145.70","2,371.95",-226.25,"1,169.39",776.49,392.9
25-Aug-11,"3,102.79","4,543.34","-1,440.55","1,271.59",886.58,385.01
24-Aug-11,"1,853.82","2,737.30",-883.48,"1,161.68",600.58,561.1
23-Aug-11,"2,577.78","2,678.12",-100.34,928.39,625.5,302.89
22-Aug-11,"1,489.25","2,275.57",-786.32,"1,024.40",881.06,143.34
19-Aug-11,"2,816.01","3,718.62",-902.61,"1,653.42","1,230.17",423.25
18-Aug-11,"2,388.42","2,877.09",-488.67,"1,291.78",961.36,330.42
17-Aug-11,"2,262.74","2,670.42",-407.68,"1,061.56",892.14,169.42
16-Aug-11,"2,526.33","2,787.45",-261.12,908.76,657.09,251.67
12-Aug-11,"2,380.52","2,851.61",-471.09,"1,302.32","1,203.30",99.02
11-Aug-11,"2,416.12","2,475.91",-59.79,"1,179.49",913.24,266.25
09-Aug-11,"2,410.06","4,514.62","-2,104.56","3,009.88","1,596.92","1,412.96"
08-Aug-11,"1,642.22","3,028.00","-1,385.78","2,620.30","1,299.92","1,320.38"
05-Aug-11,"2,178.86","3,967.82","-1,788.96","2,911.09","1,538.60","1,372.49"
04-Aug-11,"2,399.20","2,653.75",-254.55,"1,177.30",860.8,316.5
03-Aug-11,"1,914.73","2,784.42",-869.69,"1,464.19","1,041.71",422.48
02-Aug-11,"1,853.67","2,055.35",-201.68,"1,231.41","1,091.53",139.88
01-Aug-11,"1,860.60","1,773.77",86.83,956.14,"1,051.40",-95.26
28-Jul-11,"4,126.11","4,061.45",64.66,"1,878.11","1,468.77",409.34
27-Jul-11,"2,818.42","2,831.35",-12.93,"1,309.12","1,309.31",-0.19
26-Jul-11,"2,479.17","2,656.92",-177.75,"1,387.82","1,356.33",31.49
25-Jul-11,"2,608.84","2,293.12",315.72,"1,511.75","1,287.50",224.25
22-Jul-11,"2,718.66","2,273.75",444.91,"1,329.71","1,086.66",243.05
21-Jul-11,"1,627.54","2,205.18",-577.64,"1,223.92",815.56,408.36
20-Jul-11,"1,876.93","1,967.37",-90.44,"1,198.73","1,178.25",20.48
19-Jul-11,"1,922.80","1,629.51",293.29,802.67,"1,029.59",-226.92
18-Jul-11,"1,965.73","2,058.74",-93.01,797.83,634.21,163.62
15-Jul-11,"1,647.52","1,574.49",73.03,687.05,726.19,-39.14
14-Jul-11,"2,339.99","2,128.53",211.46,"1,591.70","1,073.88",517.82
13-Jul-11,"2,387.52","2,071.57",315.95,963.38,"1,332.29",-368.91
12-Jul-11,"1,386.95","2,356.39",-969.44,"1,326.18","1,039.41",286.77
11-Jul-11,"1,889.74","1,456.79",432.95,736.35,662.71,73.64
08-Jul-11,"3,034.33","2,165.62",868.71,"1,420.57","1,581.60",-161.03
07-Jul-11,"3,034.33","2,165.62",868.71,"1,420.57","1,581.60",-161.03
06-Jul-11,"2,076.04","1,855.59",220.45,991.95,"1,072.18",-80.23
05-Jul-11,"2,666.56","1,841.04",825.52,984.37,"1,882.86",-898.49
04-Jul-11,"2,820.06","1,688.34","1,131.72",982.13,"1,351.45",-369.32
01-Jul-11,"2,603.52","2,003.86",599.66,"1,044.68","1,499.99",-455.31
29-Jun-11,"3,099.16","2,429.81",669.35,"1,290.67","1,531.26",-240.59
28-Jun-11,"2,774.22","1,954.81",819.41,999.42,"1,574.48",-575.06
27-Jun-11,"3,754.00","2,306.58","1,447.42",933.65,"1,700.03",-766.38
24-Jun-11,"3,682.65","2,792.21",890.44,"1,064.62","1,551.47",-486.85
23-Jun-11,"1,902.96","1,673.75",229.21,866.12,624.17,241.95
22-Jun-11,"1,842.76","2,130.16",-287.4,824.99,667.62,157.37
21-Jun-11,"1,699.74","2,263.10",-563.36,"1,143.76",713.35,430.41
20-Jun-11,"2,577.97","3,090.54",-512.57,"1,545.17",681.86,863.31
17-Jun-11,"2,111.19","2,501.75",-390.56,851.51,886.88,-35.37
16-Jun-11,"2,191.29","2,790.81",-599.52,"1,308.28","1,022.18",286.1
15-Jun-11,"2,461.50","2,632.06",-170.56,"1,009.26",868.12,141.14
14-Jun-11,"3,085.03","3,883.56",-798.53,"1,700.97","1,090.25",610.72
13-Jun-11,"1,543.66","1,847.83",-304.17,917.1,889.76,27.34
10-Jun-11,"2,026.81","2,196.86",-170.05,839.45,502.47,336.98
09-Jun-11,"1,842.66","1,867.39",-24.73,564.46,555.49,8.97
08-Jun-11,"1,883.45","1,833.02",50.43,692.01,606.54,85.47
07-Jun-11,"2,012.41","1,899.71",112.7,692.19,660.9,31.29
06-Jun-11,"1,589.10","1,790.88",-201.78,720.73,535.74,184.99
03-Jun-11,"1,959.78","1,514.52",445.26,488.37,843.88,-355.51
02-Jun-11,"1,748.22","1,763.01",-14.79,897.38,"1,027.98",-130.6
01-Jun-11,"2,322.81","1,877.59",445.22,644.8,786.76,-141.96
30-May-11,"2,431.25","2,177.77",253.48,740.25,790.64,-50.39
27-May-11,"2,719.76","2,497.73",222.03,"1,076.64",688.39,388.25
26-May-11,"3,743.64","3,619.26",124.38,"1,696.01","1,462.48",233.53
25-May-11,"2,614.34","2,985.13",-370.79,946.27,766.86,179.41
24-May-11,"2,539.94","2,351.78",188.16,778.17,745.22,32.95
23-May-11,"1,959.21","2,252.77",-293.56,"1,070.00",875.78,194.22
20-May-11,"2,255.82","2,437.37",-181.55,"1,406.18","1,007.99",398.19
19-May-11,"2,113.76","2,151.17",-37.41,"1,127.33",994.99,132.34
18-May-11,"2,451.46","2,830.90",-379.44,"1,115.97","1,088.51",27.46
17-May-11,"1,968.92","2,456.12",-487.2,814.27,"1,384.56",-570.29
16-May-11,"1,854.03","1,806.96",47.07,752.71,749.3,3.41
13-May-11,"2,315.61","2,476.96",-161.35,870.44,881.97,-11.53
12-May-11,"1,578.06","1,998.09",-420.03,"1,048.02",735.58,312.44
11-May-11,"2,362.44","2,237.37",125.07,827.85,738.73,89.12
10-May-11,"1,451.06","1,426.04",25.02,768.09,637.23,130.86
09-May-11,"1,935.01","1,738.59",196.42,500.92,626.7,-125.78
06-May-11,"2,579.11","3,234.45",-655.34,"2,065.76","1,047.72","1,018.04"
05-May-11,"2,005.09","2,784.57",-779.48,"1,826.36",889.13,937.23
04-May-11,"2,137.74","3,129.88",-992.14,"1,775.52",861.42,914.1
03-May-11,"2,624.11","3,802.77","-1,178.66","1,812.46","1,205.63",606.83
02-May-11,"1,865.78","2,126.81",-261.03,901.12,"1,051.64",-150.52
29-Apr-11,"3,023.81","3,713.70",-689.89,"1,230.42","1,291.48",-61.06
28-Apr-11,"4,257.02","5,089.61",-832.59,"1,868.83","1,336.23",532.6
27-Apr-11,"2,153.06","2,864.92",-711.86,"1,553.40","1,254.12",299.28
26-Apr-11,"2,334.31","2,888.34",-554.03,"1,106.75",944.94,161.81
25-Apr-11,"1,560.16","1,937.75",-377.59,"1,082.10",845.48,236.62
21-Apr-11,"2,799.78","2,491.99",307.79,"1,076.57","1,346.19",-269.62
20-Apr-11,"2,473.17","2,280.17",193,993.17,"1,016.45",-23.28
19-Apr-11,"3,683.65","1,990.46","1,693.19",959.69,751.36,208.33
18-Apr-11,"2,528.20","3,509.76",-981.56,"1,395.14",733.67,661.47
15-Apr-11,"3,135.81","3,389.24",-253.43,"1,373.07","1,733.95",-360.88
13-Apr-11,"3,309.08","3,283.48",25.6,"1,230.10","1,234.90",-4.8
11-Apr-11,"1,997.60","2,688.82",-691.22,957.47,693.66,263.81
08-Apr-11,"2,688.69","2,303.84",384.85,982.97,"1,111.37",-128.4
07-Apr-11,"2,675.95","2,455.36",220.59,881.68,"1,093.84",-212.16
06-Apr-11,"2,856.44","2,327.97",528.47,"1,118.81","1,649.86",-531.05
05-Apr-11,"2,204.31","1,481.02",723.29,765.69,"1,294.67",-528.98
04-Apr-11,"2,563.00","1,958.49",604.51,744.63,"1,133.96",-389.33
01-Apr-11,"2,846.21","2,430.93",415.28,675.95,"1,088.58",-412.63
