Date,Close,High,Low,Open,Volume
01-04-2011,20.11000061,22.18000031,20.10000038,22.18000031,0
04-04-2011,20.05999947,21.05999947,19.89999962,20.11000061,0
05-04-2011,19.89999962,20.71999931,18.84000015,20.05999947,0
06-04-2011,20.36000061,20.54000092,19.42000008,19.89999962,0
07-04-2011,20.31999969,20.79000092,19.96999931,20.36000061,0
08-04-2011,20.54000092,21.05999947,19.23999977,20.31999969,0
11-04-2011,21.23999977,21.62999916,20.36000061,20.54000092,0
13-04-2011,20.40999985,21.29000092,20.28000069,21.23999977,0
15-04-2011,21.59000015,22.39999962,19.54000092,20.40999985,0
18-04-2011,22.45000076,22.98999977,21.13999939,21.59000015,0
19-04-2011,22.06999969,23.04000092,21.5,22.45000076,0
20-04-2011,20.98999977,22.06999969,20.79000092,22.06999969,0
21-04-2011,20.51000023,20.98999977,19.86000061,20.98999977,0
25-04-2011,20.90999985,21.62000084,20.40999985,20.51000023,0
26-04-2011,21.70999908,22.42000008,20.87999916,20.90999985,0
27-04-2011,21.35000038,21.88999939,20.71999931,21.70999908,0
28-04-2011,20.92000008,21.64999962,20.25,21.35000038,0
29-04-2011,19.57999992,20.92000008,18.45000076,20.92000008,0
02-05-2011,20.87999916,21.12999916,19.57999992,19.57999992,0
03-05-2011,21.57999992,21.94000053,20.35000038,20.87999916,0
04-05-2011,21.18000031,21.80999947,20.57999992,21.57999992,0
05-05-2011,21.60000038,21.70000076,19.87999916,21.18000031,0
06-05-2011,20.96999931,21.60000038,19.36000061,21.60000038,0
09-05-2011,21.5,21.95000076,19.92000008,20.96999931,0
10-05-2011,21.73999977,21.90999985,20.19000053,21.5,0
11-05-2011,21.23999977,21.73999977,19.88999939,21.73999977,0
12-05-2011,21.22999954,21.45000076,19.82999992,21.23999977,0
13-05-2011,20.62999916,21.22999954,19.39999962,21.22999954,0
16-05-2011,21.45999908,21.96999931,19.89999962,20.62999916,0
17-05-2011,21.03000069,21.45999908,19.76000023,21.45999908,0
18-05-2011,20.70999908,21.42000008,19.42000008,21.03000069,0
19-05-2011,20.40999985,20.71999931,19.12999916,20.70999908,0
20-05-2011,19.45000076,20.40999985,18.42000008,20.40999985,0
23-05-2011,21.04000092,23.45000076,18.52000046,19.45000076,0
24-05-2011,19.93000031,21.36000061,19.54999924,21.04000092,0
25-05-2011,20.65999985,24.30999947,19.35000038,19.93000031,0
26-05-2011,19.18000031,20.85000038,18.53000069,20.65999985,0
27-05-2011,17.25,19.18000031,17.13999939,19.18000031,0
30-05-2011,17.87000084,18.87000084,17.25,17.25,0
31-05-2011,16.81999969,17.87000084,16.67000008,17.87000084,0
01-06-2011,16.72999954,17.43000031,16.36000061,16.81999969,0
02-06-2011,17.97999954,18.04000092,16.72999954,16.72999954,0
03-06-2011,17.61000061,18.17000008,16.98999977,17.97999954,0
06-06-2011,18.20999908,18.84000015,17.59000015,17.61000061,0
07-06-2011,18.03000069,18.57999992,17.84000015,18.20999908,0
08-06-2011,18.57999992,18.71999931,17.70999908,18.03000069,0
09-06-2011,18.57999992,19,17.79999924,18.57999992,0
10-06-2011,18.54000092,19.75,17.54999924,18.57999992,0
13-06-2011,18.90999985,19.40999985,18.22999954,18.54000092,0
14-06-2011,18.51000023,18.90999985,17.53000069,18.90999985,0
15-06-2011,19.13999939,19.21999931,17.89999962,18.51000023,0
16-06-2011,19.65999985,19.86000061,18.34000015,19.13999939,0
17-06-2011,20.27000046,20.28000069,18.60000038,19.65999985,0
20-06-2011,22.18000031,24.37999916,19.78000069,20.27000046,0
21-06-2011,21.30999947,22.18000031,20.93000031,22.18000031,0
22-06-2011,20.88999939,21.30999947,20.23999977,21.30999947,0
23-06-2011,19.5,20.95000076,19.46999931,20.88999939,0
24-06-2011,19.31999969,19.5,18.25,19.5,0
27-06-2011,19.98999977,20.37000084,19.20999908,19.31999969,0
28-06-2011,19.48999977,19.98999977,19.31999969,19.98999977,0
29-06-2011,19.45999908,19.54000092,18.76000023,19.48999977,0
30-06-2011,18.40999985,19.45999908,18.40999985,19.45999908,0
01-07-2011,18.20999908,18.43000031,17.79000092,18.40999985,0
04-07-2011,18.17000008,18.70999908,17.84000015,18.20999908,0
05-07-2011,18.25,18.52000046,17.78000069,18.17000008,0
06-07-2011,18.34000015,18.48999977,18.12000084,18.25,0
07-07-2011,18.62000084,18.62000084,17.35000038,18.34000015,0
08-07-2011,18.67000008,18.79000092,18.02000046,18.62000084,0
11-07-2011,19.69000053,19.70999908,18.60000038,18.67000008,0
12-07-2011,20.82999992,21.21999931,19.40999985,19.69000053,0
13-07-2011,19.52000046,20.82999992,19.5,20.82999992,0
14-07-2011,19.96999931,20.29000092,17.85000038,19.52000046,0
15-07-2011,19.95000076,20.26000023,19.07999992,19.96999931,0
18-07-2011,20.20000076,20.39999962,19.29000092,19.95000076,0
19-07-2011,19.25,20.20000076,19.07999992,20.20000076,0
20-07-2011,19.11000061,19.45999908,18.47999954,19.25,0
21-07-2011,18.75,19.15999985,18.63999939,19.11000061,0
22-07-2011,17.90999985,18.75,17.27000046,18.75,0
25-07-2011,19.20000076,19.22999954,16.54999924,17.90999985,0
26-07-2011,19.29999924,19.59000015,18.40999985,19.20000076,0
27-07-2011,18.25,19.36000061,18.12999916,19.29999924,0
28-07-2011,18.51000023,19.04000092,18.25,18.25,0
29-07-2011,19.77000046,19.87999916,18.38999939,18.51000023,0
01-08-2011,18.78000069,19.77000046,18.57999992,19.77000046,0
02-08-2011,19.14999962,19.51000023,18.37999916,18.78000069,0
03-08-2011,19.47999954,19.98999977,18.97999954,19.14999962,0
04-08-2011,20.21999931,20.28000069,19.26000023,19.43000031,0
05-08-2011,24.89999962,26.39999962,19.84000015,20.21999931,0
08-08-2011,28.78000069,29.64999962,24.89999962,24.89999962,0
09-08-2011,34.88000107,37,28.78000069,28.78000069,0
10-08-2011,28.95000076,34.88000107,26.09000015,34.88000107,0
11-08-2011,29.09000015,29.48999977,27.39999962,28.95000076,0
12-08-2011,27.02000046,29.09000015,25.64999962,29.09000015,0
16-08-2011,26.45999908,27.12999916,24.98999977,27.02000046,0
17-08-2011,25.47999954,26.45999908,24.53000069,26.45999908,0
18-08-2011,27.45000076,27.87000084,22.35000038,25.47999954,0
19-08-2011,29.19000053,31.12999916,25.89999962,27.45000076,0
22-08-2011,27.07999992,30.35000038,27.03000069,29.19000053,0
23-08-2011,25.92000008,29.05999947,25.22999954,27.07999992,0
24-08-2011,28.60000038,29.21999931,24.93000031,25.92000008,0
25-08-2011,27.94000053,30.34000015,26.40999985,28.60000038,0
26-08-2011,33.25999832,33.25999832,27.75,27.94000053,0
29-08-2011,26.06999969,33.25999832,25.65999985,33.25999832,0
30-08-2011,24.87999916,26.39999962,24.39999962,26.06999969,0
02-09-2011,26.09000015,26.37000084,24.01000023,24.87999916,0
05-09-2011,27.82999992,28.31999969,26.09000015,26.09000015,0
06-09-2011,28.65999985,30.5,26.80999947,27.82999992,0
07-09-2011,27.86000061,28.77000046,27.39999962,28.65999985,0
08-09-2011,27.63999939,28.67000008,26.97999954,27.86000061,0
09-09-2011,28.14999962,28.28000069,26.14999962,27.63999939,0
12-09-2011,32.75,32.91999817,27.30999947,28.14999962,0
13-09-2011,32.77000046,33.70999908,29.42000008,32.75,0
14-09-2011,32.45000076,34.74000168,31.23999977,32.77000046,0
15-09-2011,30.79000092,33.72000122,29.90999985,32.45000076,0
16-09-2011,28.45000076,30.79000092,28.37000084,30.79000092,0
19-09-2011,29.60000038,30.75,27.55999947,28.45000076,0
20-09-2011,27.25,29.60000038,27.01000023,29.60000038,0
21-09-2011,27.67000008,28.17000008,25.98999977,27.25,0
22-09-2011,33.88000107,34.91999817,27.67000008,27.67000008,0
23-09-2011,35.15999985,37.54999924,33.52000046,33.88000107,0
26-09-2011,35.43000031,38.18999863,34.47000122,35.15999985,0
27-09-2011,32.00999832,35.43000031,31.23999977,35.43000031,0
28-09-2011,32,34.11000061,31.03000069,32.00999832,0
29-09-2011,31.06999969,32.81000137,30.5,32,0
30-09-2011,31.94000053,32.52000046,30.28000069,31.06999969,0
03-10-2011,35.06999969,36.04999924,31.94000053,31.94000053,0
04-10-2011,37.18999863,39.02000046,34.79000092,35.06999969,0
05-10-2011,35.36999893,37.18999863,34.75999832,37.18999863,0
07-10-2011,33.02000046,35.36999893,29.89999962,35.36999893,0
10-10-2011,30.03000069,33.70999908,30.03000069,33.02000046,0
11-10-2011,30.29999924,30.95000076,28.14999962,30.03000069,0
12-10-2011,28.40999985,30.29999924,28.01000023,30.29999924,0
13-10-2011,28.23999977,28.54000092,27.42000008,28.40999985,0
14-10-2011,25.97999954,28.30999947,25.72999954,28.23999977,0
17-10-2011,25.43000031,26.53000069,25,25.97999954,0
18-10-2011,25.89999962,26.59000015,25.32999992,25.43000031,0
19-10-2011,24.04999924,25.89999962,23.53000069,25.89999962,0
20-10-2011,25.60000038,26.54000092,19.60000038,24.04999924,0
21-10-2011,26.29999924,26.70000076,24.38999939,25.60000038,0
24-10-2011,25.21999931,26.29999924,24.57999992,26.29999924,0
25-10-2011,22.30999947,25.21999931,22,25.21999931,0
28-10-2011,20.88999939,22.69000053,20.56999969,22.69000053,0
31-10-2011,22.65999985,22.79000092,20.27000046,20.27000046,0
01-11-2011,24.02000046,24.60000038,20.72999954,20.72999954,0
02-11-2011,24.88999939,24.92000008,23.56999969,24.02000046,0
03-11-2011,24.65999985,26.18000031,24.42000008,24.88999939,0
04-11-2011,23.43000031,23.87999916,21.12999916,21.12999916,0
08-11-2011,23.70999908,24.73999977,20.75,20.75,0
09-11-2011,24.29999924,24.81999969,20.15999985,23.70999908,0
11-11-2011,24.73999977,25.93000031,24.27000046,24.29999924,0
14-11-2011,25.29000092,25.46999931,24,24.73999977,0
15-11-2011,25.96999931,26.03000069,24.43000031,25.29000092,0
16-11-2011,25.04000092,27.21999931,24.93000031,25.96999931,0
17-11-2011,26.92000008,27.27000046,24.72999954,25.04000092,0
18-11-2011,26.57999992,28.22999954,26.28000069,26.92000008,0
21-11-2011,28.61000061,28.69000053,23.06999969,23.06999969,0
22-11-2011,27.35000038,28.89999962,22.63999939,22.63999939,0
23-11-2011,30.68000031,32.70999908,26.97999954,27.35000038,0
24-11-2011,27.95000076,32.52000046,24.84000015,24.84000015,0
25-11-2011,29.12000084,30.12999916,27.95000076,27.95000076,0
28-11-2011,26.63999939,28.77000046,26.63999939,28.62999916,0
29-11-2011,26.87000084,28.14999962,26.20000076,26.63999939,0
30-11-2011,26.54999924,27.85000038,26.14999962,26.45999908,0
01-12-2011,25.02000046,26.54999924,23.37000084,26.54999924,0
02-12-2011,23.98999977,24.89999962,23.37999916,24.09000015,0
05-12-2011,25.02000046,25.75,23.39999962,23.39999962,0
07-12-2011,26.45999908,26.57999992,24.52000046,24.52000046,0
08-12-2011,28.57999992,29,25,25,0
09-12-2011,29.53000069,29.97999954,28.03000069,28.03000069,0
12-12-2011,29.27000046,30,27.20999908,27.20999908,0
13-12-2011,28.11000061,29.61000061,28.11000061,28.46999931,0
14-12-2011,28.79000092,29.35000038,28.07999992,28.07999992,0
15-12-2011,28.80999947,30.26000023,27.97999954,28.79000092,0
16-12-2011,29.69000053,29.69000053,27.47999954,27.47999954,0
19-12-2011,30.57999992,31.27000046,29.69000053,29.69000053,0
20-12-2011,30.53000069,31.02000046,29.54000092,30.57999992,0
21-12-2011,27.53000069,29.87999916,27.53000069,28.80999947,0
22-12-2011,26.84000015,28.22999954,26.57999992,27.30999947,0
23-12-2011,27.38999939,27.90999985,25.80999947,26.84000015,0
26-12-2011,26.60000038,27.96999931,26.30999947,26.98999977,0
27-12-2011,26.29000092,27.01000023,26.03000069,26.60000038,0
28-12-2011,26.73999977,27.23999977,25.94000053,26.29000092,0
29-12-2011,26.62000084,27.54999924,26.43000031,26.73999977,0
30-12-2011,27.11000061,27.79000092,26.25,26.62000084,0
02-01-2012,27.53000069,28.68000031,27.11000061,27.11000061,0
03-01-2012,26.15999985,27.53000069,25.98999977,27.53000069,0
04-01-2012,26.40999985,26.84000015,25.60000038,26.15999985,0
05-01-2012,25.90999985,26.60000038,25.71999931,26.40999985,0
06-01-2012,25.45999908,26.44000053,25.09000015,25.90999985,0
09-01-2012,25.68000031,26.54000092,24.90999985,25.64999962,0
10-01-2012,24,25.68000031,23.95999908,25.68000031,0
11-01-2012,24.54000092,24.63999939,23.31999969,24,0
12-01-2012,24.03000069,24.85000038,23.77000046,24.54000092,0
13-01-2012,23.47999954,24.14999962,23.22999954,24.03000069,0
16-01-2012,24.06999969,24.95999908,23.21999931,23.47999954,0
17-01-2012,22.61000061,24.06999969,22.47999954,24.06999969,0
18-01-2012,22.68000031,22.75,21.96999931,22.61000061,0
19-01-2012,21.68000031,22.68000031,20.87999916,22.68000031,0
20-01-2012,21.95999908,22.32999992,18.01000023,21.68000031,0
23-01-2012,22.13999939,22.90999985,21.95999908,21.95999908,0
24-01-2012,21.42000008,22.51000023,20.77000046,22.13999939,0
25-01-2012,21.02000046,21.42000008,18.62999916,21.42000008,0
27-01-2012,21.70000076,22.20000076,20.68000031,21.02000046,0
30-01-2012,23.45999908,23.47999954,21.70000076,21.70000076,0
31-01-2012,22.65999985,23.45999908,22.32999992,23.45999908,0
01-02-2012,22.88999939,23.48999977,22.17000008,22.65999985,0
02-02-2012,23.69000053,24.26000023,21.87999916,22.88999939,0
03-02-2012,24.09000015,24.48999977,23.35000038,23.69000053,0
06-02-2012,24.62000084,25.02000046,23.57999992,24.09000015,0
07-02-2012,24.90999985,25.14999962,23.69000053,24.65999985,0
08-02-2012,24.27000046,25.01000023,24.17000008,24.90999985,0
09-02-2012,23.29999924,24.61000061,23.25,24.27000046,0
10-02-2012,23.82999992,24.46999931,22.97999954,23.29999924,0
13-02-2012,23.70999908,24.76000023,23.12000084,23.82999992,0
14-02-2012,22.70999908,23.92000008,22.70999908,23.70999908,0
15-02-2012,22.10000038,22.70999908,21.70999908,22.70999908,0
16-02-2012,23.32999992,23.87999916,20.29999924,22.10000038,0
17-02-2012,24.18000031,24.90999985,21.80999947,23.32999992,0
21-02-2012,26.25,27.18000031,24.18000031,24.18000031,0
22-02-2012,26.79999924,27.29999924,25.69000053,26.25,0
23-02-2012,24.32999992,26.79999924,24.12999916,26.79999924,0
24-02-2012,24.81999969,25.79000092,23.59000015,24.32999992,0
27-02-2012,27.37999916,27.87000084,24.81999969,24.81999969,0
28-02-2012,25.85000038,27.37999916,25.70000076,27.37999916,0
29-02-2012,26.93000031,27.09000015,24.69000053,25.85000038,0
01-03-2012,27.67000008,28.02000046,26.52000046,26.93000031,0
02-03-2012,27.84000015,28.37000084,26.62000084,27.67000008,0
05-03-2012,28.92000008,29.54999924,28.20000076,28.20000076,0
06-03-2012,27.34000015,28.92000008,26.04999924,28.92000008,0
07-03-2012,26.32999992,27.34000015,25.96999931,27.34000015,0
09-03-2012,25.46999931,26.32999992,24.60000038,26.32999992,0
12-03-2012,26.27000046,26.93000031,24.92000008,25.46999931,0
13-03-2012,24.75,26.27000046,24.63999939,26.27000046,0
14-03-2012,24.71999931,25.09000015,23.03000069,24.75,0
15-03-2012,25.42000008,25.63999939,24.04000092,24.71999931,0
16-03-2012,23.12999916,25.42000008,22.57999992,25.42000008,0
19-03-2012,22.96999931,23.81999969,22.79000092,23.12999916,0
20-03-2012,21.94000053,22.96999931,21.36000061,22.96999931,0
21-03-2012,21,21.98999977,21,21.94000053,0
22-03-2012,24.77000046,24.77000046,20.59000015,21,0
23-03-2012,23.34000015,24.77000046,22.88999939,24.77000046,0
26-03-2012,26.73999977,27.45000076,22.39999962,23.34000015,0
27-03-2012,25.04999924,27.12999916,24.31999969,26.73999977,0
28-03-2012,24.87000084,25.82999992,24.81999969,25.04999924,0
29-03-2012,24.32999992,25.86000061,24.19000053,24.87000084,0
30-03-2012,22.37999916,24.32999992,22.06999969,24.32999992,0
02-04-2012,20.87999916,22.94000053,20.87999916,22.86000061,0
03-04-2012,20.01000023,20.87999916,19.93000031,20.87999916,0
04-04-2012,20.62999916,20.85000038,20.01000023,20.01000023,0
09-04-2012,22.32999992,22.44000053,20.62999916,20.62999916,0
10-04-2012,21.92000008,22.80999947,21.72999954,22.32999992,0
11-04-2012,22.29000092,22.75,21.64999962,21.92000008,0
12-04-2012,21.78000069,22.29000092,21.71999931,22.29000092,0
13-04-2012,22.75,23.15999985,19.86000061,19.86000061,0
16-04-2012,22.22999954,23.29000092,22.22999954,22.75,0
17-04-2012,20.30999947,22.75,20.29000092,22.22999954,0
18-04-2012,20.03000069,20.20000076,18.93000031,18.93000031,0
19-04-2012,19.35000038,20.03000069,18.98999977,20.03000069,0
20-04-2012,20.09000015,20.75,19.02000046,19.35000038,0
23-04-2012,21.56999969,21.56999969,19.70999908,20.09000015,0
24-04-2012,19.25,21.56999969,19.12999916,21.56999969,0
25-04-2012,18.94000053,20.39999962,17.76000023,17.76000023,0
26-04-2012,18.73999977,19.45000076,18.30999947,19.32999992,0
27-04-2012,17.88999939,19.18000031,17.85000038,18.73999977,0
30-04-2012,17.81999969,18.52000046,17.61000061,17.61000061,0
02-05-2012,18.54000092,18.61000061,17.81999969,17.81999969,0
03-05-2012,19.25,19.81999969,18.54000092,18.54000092,0
04-05-2012,21.12000084,21.45000076,19.25,19.25,0
07-05-2012,20.21999931,23.22999954,20.18000031,21.12000084,0
08-05-2012,22.15999985,22.29999924,19.64999962,20.21999931,0
09-05-2012,23.04000092,23.87000084,22.05999947,22.15999985,0
10-05-2012,22.71999931,23.63999939,22.06999969,23.04000092,0
11-05-2012,22.47999954,23.93000031,22.35000038,22.71999931,0
14-05-2012,23.26000023,23.52000046,22.47999954,22.47999954,0
15-05-2012,22.28000069,23.26000023,22.20000076,23.26000023,0
16-05-2012,23.70999908,24.54000092,22.28000069,22.28000069,0
17-05-2012,23.59000015,24.27000046,22.20999908,23.70999908,0
18-05-2012,23.54999924,25.45000076,22.56999969,23.59000015,0
21-05-2012,23.92000008,24.35000038,23.20000076,23.54999924,0
22-05-2012,24.38999939,24.62999916,22.60000038,23.92000008,0
23-05-2012,27.12999916,27.20000076,23.20999908,24.38999939,0
24-05-2012,25.48999977,27.12999916,24,27.12999916,0
25-05-2012,25.13999939,26.60000038,24.05999947,25.48999977,0
28-05-2012,23.68000031,25.39999962,23.59000015,25.13999939,0
29-05-2012,24.03000069,24.32999992,22.70000076,23.68000031,0
30-05-2012,25.29999924,25.54000092,23.29000092,24.03000069,0
31-05-2012,25.25,25.96999931,24.98999977,25.29999924,0
01-06-2012,26.77000046,26.77000046,24.87999916,25.25,0
04-06-2012,25.60000038,28.64999962,25.60000038,26.77000046,0
05-06-2012,26.26000023,26.69000053,24.27000046,25.60000038,0
06-06-2012,24.89999962,26.26000023,24.26000023,26.26000023,0
07-06-2012,23.63999939,25.05999947,23.34000015,24.89999962,0
08-06-2012,23.46999931,24.75,23.45000076,23.63999939,0
11-06-2012,25.02000046,25.02000046,23.46999931,23.46999931,0
12-06-2012,24.20000076,25.43000031,23.94000053,25.02000046,0
13-06-2012,24.36000061,25.31999969,23.53000069,24.20000076,0
14-06-2012,25.70999908,25.81999969,23.39999962,24.36000061,0
15-06-2012,25.54000092,25.92000008,24.48999977,25.70999908,0
18-06-2012,22.60000038,25.54000092,22.25,25.54000092,0
19-06-2012,21.43000031,22.60000038,21.04000092,22.60000038,0
20-06-2012,21.03000069,21.71999931,20.11000061,21.43000031,0
21-06-2012,19.94000053,21.21999931,19.43000031,21.03000069,0
22-06-2012,20.57999992,21.52000046,19.61000061,19.94000053,0
25-06-2012,21.56999969,21.62999916,20.04000092,20.57999992,0
26-06-2012,20.22999954,21.76000023,20.04000092,21.56999969,0
27-06-2012,20.37000084,20.80999947,19.38999939,20.22999954,0
28-06-2012,20.62000084,20.72999954,19.53000069,20.37000084,0
29-06-2012,19.07999992,20.62000084,18.79999924,20.62000084,0
02-07-2012,19.01000023,19.70000076,18.79000092,19.07999992,0
03-07-2012,18.55999947,19.01000023,18.13999939,19.01000023,0
04-07-2012,18.27000046,18.82999992,17.47999954,18.55999947,0
05-07-2012,18.35000038,18.70000076,18.09000015,18.27000046,0
06-07-2012,18.04000092,18.62999916,18.04000092,18.35000038,0
09-07-2012,18.71999931,19.09000015,18.04000092,18.04000092,0
10-07-2012,17.82999992,18.87000084,17.79999924,18.71999931,0
11-07-2012,18.38999939,18.56999969,17.79999924,17.82999992,0
12-07-2012,18.70999908,19.30999947,18.02000046,18.38999939,0
13-07-2012,18.26000023,18.70999908,17.62000084,18.70999908,0
16-07-2012,18.77000046,19.01000023,18.07999992,18.26000023,0
17-07-2012,17.78000069,18.77000046,17.71999931,18.77000046,0
18-07-2012,17.44000053,17.82999992,17.05999947,17.78000069,0
19-07-2012,16.37999916,17.44000053,16.32999992,17.44000053,0
20-07-2012,16.88999939,17.30999947,15.84000015,16.37999916,0
23-07-2012,18.65999985,18.67000008,16.88999939,16.88999939,0
24-07-2012,16.96999931,18.65999985,16.55999947,18.65999985,0
25-07-2012,16.75,18.13999939,16.47999954,16.96999931,0
26-07-2012,16.37000084,17.57999992,15.92000008,16.75,0
27-07-2012,16.44000053,16.75,15.42000008,16.37000084,0
30-07-2012,16.60000038,17.31999969,16.43000031,16.44000053,0
31-07-2012,16.01000023,17.12999916,15.93000031,16.60000038,0
01-08-2012,16.45000076,16.47999954,15.85999966,16.01000023,0
02-08-2012,16.77000046,16.90999985,16.45000076,16.45000076,0
03-08-2012,16.12000084,16.95999908,16.12000084,16.77000046,0
06-08-2012,16.21999931,16.51000023,15.68000031,16.12000084,0
07-08-2012,16.20999908,16.32999992,15.73999977,16.21999931,0
08-08-2012,16.37000084,16.73999977,15.51000023,16.20999908,0
09-08-2012,16.32999992,16.77000046,16.04000092,16.37000084,0
10-08-2012,16.06999969,16.51000023,16.03000069,16.32999992,0
13-08-2012,16.01000023,16.64999962,16,16.06999969,0
14-08-2012,15.64000034,16.14999962,15.56999969,16.01000023,0
16-08-2012,15.68999958,16.12999916,15.06999969,15.64000034,0
17-08-2012,15.72999954,16.02000046,15.21000004,15.68999958,0
21-08-2012,16.29999924,16.48999977,15.71000004,15.72999954,0
22-08-2012,16,16.53000069,15.78999996,16.29999924,0
23-08-2012,16.12000084,16.36000061,15.43999958,16,0
24-08-2012,16.15999985,16.79999924,15.65999985,16.12000084,0
27-08-2012,16.46999931,17.03000069,14.68000031,16.15999985,0
28-08-2012,16.35000038,16.76000023,15.80000019,16.46999931,0
29-08-2012,16.73999977,16.89999962,15.64000034,16.35000038,0
30-08-2012,16.67000008,17.04000092,16.54999924,16.73999977,0
31-08-2012,17.29999924,17.35000038,16.59000015,16.67000008,0
03-09-2012,17.28000069,17.5,16.86000061,17.29999924,0
04-09-2012,16.59000015,17.28000069,16.59000015,17.28000069,0
05-09-2012,17.01000023,17.14999962,16.19000053,16.59000015,0
06-09-2012,16.97999954,17.06999969,16.22999954,17.01000023,0
07-09-2012,15.26000023,16.97999954,15.19999981,16.97999954,0
10-09-2012,15.27000046,15.46000004,14.76000023,14.76000023,0
11-09-2012,15.38000011,15.51000023,15.10000038,15.27000046,0
12-09-2012,15.03999996,15.65999985,14.64000034,15.38000011,0
13-09-2012,15.67000008,15.82999992,14.61999989,15.03999996,0
14-09-2012,15.38000011,15.67000008,13.85999966,15.67000008,0
17-09-2012,17.78000069,17.80999947,15.38000011,15.38000011,0
18-09-2012,17.82999992,18.09000015,16.17000008,17.78000069,0
20-09-2012,18.62000084,18.80999947,17.12999916,17.82999992,0
21-09-2012,18.93000031,19.45000076,17.09000015,18.62000084,0
24-09-2012,18.82999992,19.82999992,18.45999908,18.93000031,0
25-09-2012,17.11000061,18.82999992,17.11000061,18.82999992,0
26-09-2012,16.96999931,17.29999924,16.62000084,17.11000061,0
27-09-2012,16.90999985,17.09000015,15.72999954,16.96999931,0
28-09-2012,16.15999985,16.90999985,16.12999916,16.90999985,0
01-10-2012,16.34000015,16.77000046,15.98999977,16.15999985,0
03-10-2012,16.5,16.97999954,15.68999958,16.34000015,0
04-10-2012,16.44000053,16.62000084,15.59000015,16.5,0
05-10-2012,16.78000069,17.48999977,15.68000031,16.44000053,0
08-10-2012,17.17000008,17.59000015,16.17000008,16.78000069,0
09-10-2012,16.79999924,17.17000008,16.31999969,17.17000008,0
10-10-2012,16.82999992,17.15999985,16.5,16.79999924,0
11-10-2012,16.48999977,17.23999977,16.12000084,16.82999992,0
12-10-2012,16.48999977,16.81999969,15.36999989,16.48999977,0
15-10-2012,15.89999962,16.68000031,15.77999973,16.48999977,0
16-10-2012,15.56999969,15.89999962,14.81999969,15.89999962,0
17-10-2012,15.17000008,15.56999969,14.35999966,15.56999969,0
18-10-2012,14.76000023,15.17000008,14.14999962,15.17000008,0
19-10-2012,14.53999996,15.18999958,13.94999981,14.76000023,0
22-10-2012,13.03999996,14.36999989,12.86999989,14.34000015,0
23-10-2012,13.71000004,14.22000027,12.93000031,13.03999996,0
25-10-2012,13.52000046,14.55000019,13.39999962,13.71000004,0
29-10-2012,15.11999989,15.36999989,14.21000004,14.21000004,0
30-10-2012,15.17000008,15.55000019,15.09000015,15.11999989,0
31-10-2012,14.39999962,15.18000031,14.31000042,15.17000008,0
01-11-2012,14.07999992,14.67000008,14.01000023,14.39999962,0
02-11-2012,13.65999985,14.07999992,13.25,14.07999992,0
05-11-2012,14.63000011,14.97999954,13.48999977,13.65999985,0
06-11-2012,15.21000004,15.64000034,13.82999992,14.63000011,0
07-11-2012,14.51000023,15.39000034,14.40999985,15.21000004,0
08-11-2012,14.22000027,14.56999969,13.85999966,14.51000023,0
09-11-2012,14.36999989,14.80000019,13.56999969,14.22000027,0
12-11-2012,14.85999966,15.10999966,13.75,14.36999989,0
15-11-2012,15.52999973,16.36000061,13.85000038,14.90999985,0
16-11-2012,16.21999931,16.27000046,14.13000011,15.52999973,0
19-11-2012,16.68000031,17.21999931,14.71000004,16.21999931,0
20-11-2012,15.81000042,16.68000031,14.72000027,16.68000031,0
21-11-2012,15.46000004,16.03000069,14.81999969,15.81000042,0
22-11-2012,14.90999985,15.55000019,14.64999962,15.46000004,0
23-11-2012,14.68000031,15.01000023,13.42000008,14.90999985,0
26-11-2012,14.67000008,14.93999958,14.09000015,14.68000031,0
27-11-2012,13.96000004,14.68000031,13.39000034,14.67000008,0
29-11-2012,15.36999989,15.61999989,13.47999954,13.96000004,0
30-11-2012,15.14999962,15.38000011,14.06000042,15.36999989,0
03-12-2012,15.61999989,15.72000027,14.53999996,15.14999962,0
04-12-2012,15.90999985,16.17000008,14.61999989,15.61999989,0
05-12-2012,16.62000084,16.71999931,14.78999996,15.90999985,0
06-12-2012,15.23999977,16.62000084,15.02000046,16.62000084,0
07-12-2012,14.96000004,15.51000023,14.42000008,15.23999977,0
10-12-2012,14.51000023,14.96000004,14.22000027,14.96000004,0
11-12-2012,14.67000008,14.84000015,13.39000034,14.51000023,0
12-12-2012,14.51000023,14.67000008,13.39999962,14.67000008,0
13-12-2012,14.71000004,14.85999966,13.28999996,14.51000023,0
14-12-2012,14.22999954,14.82999992,13.43000031,14.71000004,0
17-12-2012,14.92000008,15.06000042,13.42000008,14.22999954,0
18-12-2012,14.43999958,14.92000008,14.06999969,14.92000008,0
19-12-2012,14.47000027,14.64000034,13.27999973,14.43999958,0
20-12-2012,14.31999969,14.89999962,13.77000046,14.47000027,0
21-12-2012,14.63000011,15.06000042,13.77000046,14.31999969,0
24-12-2012,14.48999977,15.14999962,14.14999962,14.63000011,0
26-12-2012,14.10000038,14.97999954,14.02999973,14.48999977,0
27-12-2012,13.73999977,14.34000015,13.61999989,14.10000038,0
28-12-2012,13.63000011,13.82999992,13.46000004,13.73999977,0
31-12-2012,14.94999981,14.97000027,13.63000011,13.63000011,0
01-01-2013,13.68999958,14.94999981,13.64000034,14.94999981,0
02-01-2013,13.71000004,13.90999985,12.98999977,13.68999958,0
03-01-2013,13.47000027,13.93999958,13.22000027,13.71000004,0
04-01-2013,13.36999989,13.63000011,13.27999973,13.47000027,0
07-01-2013,13.92000008,14.03999996,13.36999989,13.36999989,0
08-01-2013,13.27000046,14.06000042,13.21000004,13.92000008,0
09-01-2013,13.31999969,13.56000042,12.57999992,13.27000046,0
10-01-2013,13.27000046,13.63000011,12.85000038,13.31999969,0
11-01-2013,13.22999954,13.35000038,12.82999992,13.27000046,0
14-01-2013,13.69999981,14.02000046,13.22000027,13.22999954,0
15-01-2013,13.57999992,14,13.34000015,13.69999981,0
16-01-2013,13.98999977,14.14000034,13.06000042,13.57999992,0
17-01-2013,14.01000023,14.25,13.65999985,13.98999977,0
18-01-2013,13.89000034,14.26000023,13.25,14.01000023,0
21-01-2013,13.65999985,14.39000034,13.63000011,13.89000034,0
22-01-2013,13.89000034,14.06000042,12.89999962,13.65999985,0
23-01-2013,13.67000008,14.27999973,13.13000011,13.89000034,0
24-01-2013,14.46000004,14.55000019,12.84000015,13.67000008,0
25-01-2013,14.77000046,14.97999954,14.31999969,14.46000004,0
28-01-2013,15.17000008,15.48999977,14.40999985,14.77000046,0
29-01-2013,14.47000027,15.27999973,14.27999973,15.17000008,0
30-01-2013,14.38000011,14.68000031,14.05000019,14.47000027,0
31-01-2013,14.13000011,14.53999996,13.64999962,14.38000011,0
01-02-2013,13.76000023,14.18000031,13.76000023,14.13000011,0
04-02-2013,14.34000015,14.61999989,13.51000023,13.76000023,0
05-02-2013,14.60999966,14.82999992,14.10999966,14.34000015,0
06-02-2013,14.26000023,14.60999966,14.10000038,14.60999966,0
07-02-2013,14.89000034,14.89000034,13.56000042,14.26000023,0
08-02-2013,15.15999985,15.22000027,13.75,14.89000034,0
11-02-2013,15.64999962,15.73999977,14.96000004,15.15999985,0
12-02-2013,15.31000042,15.71000004,14.97999954,15.64999962,0
13-02-2013,15.14000034,15.31000042,14.47000027,15.31000042,0
14-02-2013,15.09000015,15.52000046,14.67000008,15.14000034,0
15-02-2013,15.23999977,15.48999977,14.13000011,15.09000015,0
18-02-2013,16.29000092,16.61000061,15.23999977,15.23999977,0
19-02-2013,15.81000042,16.5,15.47999954,16.29000092,0
20-02-2013,15.60000038,16.01000023,14.88000011,15.81000042,0
21-02-2013,16.94000053,17.25,15.25,15.60000038,0
22-02-2013,16.79000092,17.29000092,16.36000061,16.94000053,0
25-02-2013,16.72999954,17.32999992,16.61000061,16.79000092,0
26-02-2013,17.36000061,17.60000038,16.46999931,16.72999954,0
27-02-2013,16.22999954,17.36000061,16.11000061,17.36000061,0
28-02-2013,14.85999966,16.22999954,14.59000015,16.22999954,0
01-03-2013,14.06000042,15.09000015,13.93000031,14.85999966,0
04-03-2013,13.67000008,14.51000023,13.67000008,14.06000042,0
05-03-2013,13.39000034,13.73999977,13.22000027,13.67000008,0
06-03-2013,13.39999962,13.60000038,12.89999962,13.39000034,0
07-03-2013,13.06999969,13.61999989,12.82999992,13.39999962,0
08-03-2013,13.34000015,13.57999992,12.85000038,12.85000038,0
11-03-2013,14.25,14.31999969,13.11999989,13.34000015,0
12-03-2013,15.13000011,15.67000008,13.69999981,14.25,0
13-03-2013,16.20000076,16.43000031,14.68999958,15.13000011,0
14-03-2013,14.65999985,17.15999985,14.57999992,16.20000076,0
15-03-2013,15.15999985,15.28999996,14.18999958,14.65999985,0
18-03-2013,15.85000038,16.59000015,15.15999985,15.15999985,0
19-03-2013,16.70999908,17.84000015,14.82999992,15.85000038,0
20-03-2013,16.65999985,17.44000053,16.17000008,16.70999908,0
21-03-2013,16.51000023,17.23999977,15.89999962,16.65999985,0
22-03-2013,15.53999996,16.51000023,15.44999981,16.51000023,0
25-03-2013,16.36000061,16.36000061,14.92000008,15.53999996,0
26-03-2013,15.80000019,16.84000015,15.64000034,16.36000061,0
28-03-2013,15.22000027,16.20000076,15.22000027,15.80000019,0
01-04-2013,14.85000038,15.85000038,14.80000019,15.22000027,0
02-04-2013,14.10000038,15.09000015,14.10000038,14.85000038,0
03-04-2013,14.86999989,15.06000042,13.84000015,14.10000038,0
04-04-2013,15.85000038,16.07999992,14.80000019,14.86999989,0
05-04-2013,16.15999985,16.46999931,15.22999954,15.85000038,0
08-04-2013,16.77000046,16.95999908,15.67000008,15.67000008,0
09-04-2013,16.81999969,17.26000023,15.81999969,15.81999969,0
10-04-2013,16.48999977,17.43000031,16.03000069,16.81999969,0
11-04-2013,16.96999931,17.59000015,15.98999977,16.48999977,0
12-04-2013,16.45000076,17.26000023,16.32999992,16.96999931,0
15-04-2013,16.61000061,17.06999969,16.23999977,16.45000076,0
16-04-2013,16.25,16.79999924,16.04000092,16.61000061,0
17-04-2013,16.36000061,16.57999992,15.76000023,16.25,0
18-04-2013,15.35999966,16.48999977,15.21000004,16.36000061,0
22-04-2013,16.21999931,17.25,15.35999966,15.35999966,0
23-04-2013,15.06999969,16.45000076,14.63000011,16.21999931,0
25-04-2013,14.19999981,15.57999992,13.86999989,15.06999969,0
26-04-2013,13.88000011,14.60000038,13.84000015,14.60000038,0
29-04-2013,14.32999992,14.72000027,13.88000011,13.88000011,0
30-04-2013,15.10000038,15.64000034,13.81000042,14.32999992,0
02-05-2013,16.28000069,16.72999954,15.10000038,15.10000038,0
03-05-2013,15.55000019,16.54999924,15.43000031,16.28000069,0
06-05-2013,15.84000015,16.59000015,15.52999973,15.55000019,0
07-05-2013,16.5,16.53000069,15.56000042,15.84000015,0
08-05-2013,16.76000023,17.21999931,16.01000023,16.5,0
09-05-2013,16.60000038,17.14999962,16.53000069,16.76000023,0
10-05-2013,16.86000061,17.12999916,16.39999962,16.60000038,0
13-05-2013,17.51000023,17.79000092,16.77000046,16.84000015,0
14-05-2013,17.17000008,17.70000076,16.53000069,16.53000069,0
15-05-2013,18.12999916,18.15999985,16.54000092,17.17000008,0
16-05-2013,17.73999977,18.52000046,17.45999908,18.12999916,0
17-05-2013,17.56999969,17.82999992,16.76000023,17.73999977,0
20-05-2013,17.70999908,17.98999977,17.29999924,17.56999969,0
21-05-2013,17.87999916,18.21999931,16.98999977,16.98999977,0
22-05-2013,17.71999931,18.03000069,16.95000076,17.87999916,0
23-05-2013,18.72999954,19.36000061,16.95999908,17.71999931,0
24-05-2013,17.70000076,18.79999924,17.61000061,18.72999954,0
27-05-2013,17.03000069,18.04000092,16.68000031,17.70000076,0
28-05-2013,17.12000084,17.62000084,16.62999916,17.03000069,0
29-05-2013,17.86000061,17.87000084,16.79000092,16.79000092,0
30-05-2013,16.04000092,17.86000061,15.84000015,17.86000061,0
31-05-2013,16.98999977,17.20999908,15.88000011,16.04000092,0
03-06-2013,17.29000092,17.92000008,16.98999977,16.98999977,0
04-06-2013,17.26000023,17.54999924,16.71999931,17.29000092,0
05-06-2013,16.78000069,17.5,16.78000069,16.79000092,0
06-06-2013,17.35000038,17.52000046,16.59000015,16.78000069,0
07-06-2013,17.35000038,17.51000023,16.78000069,17.35000038,0
10-06-2013,18.11000061,18.62999916,17.04000092,17.35000038,0
11-06-2013,19.48999977,19.59000015,17.40999985,17.40999985,0
12-06-2013,18.85000038,19.85000038,18.75,19.48999977,0
13-06-2013,19.44000053,19.77000046,17.76000023,18.85000038,0
14-06-2013,18.35000038,19.44000053,17.64999962,19.44000053,0
17-06-2013,18.18000031,19.35000038,18.12999916,18.28000069,0
18-06-2013,18.29000092,18.85000038,17.88999939,17.88999939,0
19-06-2013,18.45999908,18.68000031,17.75,18.29000092,0
20-06-2013,19.19000053,19.73999977,17.85000038,18.45999908,0
21-06-2013,19.03000069,19.72999954,18.19000053,19.19000053,0
24-06-2013,21.01000023,21.79000092,18.47999954,19.03000069,0
25-06-2013,21.13999939,22.11000061,20.32999992,21.01000023,0
26-06-2013,21.06999969,21.21999931,20.07999992,21.13999939,0
27-06-2013,18.85000038,21.06999969,18.62000084,21.06999969,0
28-06-2013,17.95000076,18.85000038,17.62000084,18.85000038,0
01-07-2013,18.09000015,18.71999931,17.95000076,17.95000076,0
02-07-2013,18.20999908,18.54999924,17.97999954,18.09000015,0
03-07-2013,18.90999985,19.12999916,17.80999947,18.20999908,0
04-07-2013,18.57999992,19,18,18.90999985,0
05-07-2013,18.67000008,19.01000023,17.75,18.57999992,0
08-07-2013,19.34000015,19.85000038,18.37999916,18.67000008,0
09-07-2013,19.31999969,19.53000069,18.40999985,19.34000015,0
10-07-2013,19.97999954,20.11000061,18.32999992,19.31999969,0
11-07-2013,18.88999939,19.97999954,18.12999916,19.97999954,0
12-07-2013,18.69000053,18.95999908,17.68000031,18.88999939,0
15-07-2013,18.79000092,19.54000092,17.62999916,18.69000053,0
16-07-2013,18.98999977,19.81999969,17.79000092,18.79000092,0
17-07-2013,19.36000061,19.59000015,17.76000023,18.98999977,0
18-07-2013,18.27000046,19.39999962,18.06999969,19.36000061,0
19-07-2013,18.12999916,18.28000069,17.70999908,18.27000046,0
22-07-2013,17.62999916,18.65999985,17.62000084,18.03000069,0
23-07-2013,16.71999931,17.62999916,16.43000031,17.62999916,0
24-07-2013,16.90999985,18.04999924,16.60000038,16.71999931,0
25-07-2013,16.71999931,17.09000015,16.18000031,16.97999954,0
26-07-2013,16.78000069,17.04999924,16.27000046,16.54000092,0
29-07-2013,18.25,18.42000008,16.78000069,16.78000069,0
30-07-2013,18.12000084,18.45999908,17.05999947,18.25,0
31-07-2013,18.77000046,19.29000092,18.12000084,18.12000084,0
01-08-2013,19.80999947,20.89999962,17.71999931,18.77000046,0
02-08-2013,20.88999939,21.21999931,19,19.80999947,0
05-08-2013,20.79999924,21.62000084,20.55999947,20.88999939,0
06-08-2013,22.72999954,22.75,20.31999969,20.79999924,0
07-08-2013,22.04000092,23.28000069,21.86000061,22.72999954,0
08-08-2013,21.19000053,22.04000092,20.59000015,22.04000092,0
12-08-2013,21.28000069,21.98999977,20.17000008,21.19000053,0
13-08-2013,19.26000023,21.11000061,19.06999969,20.26000023,0
14-08-2013,18.70000076,19.62000084,18.27000046,19.26000023,0
16-08-2013,23.63999939,24.76000023,18.06999969,18.70000076,0
19-08-2013,25.59000015,26.98999977,23.63999939,23.63999939,0
20-08-2013,27.22999954,27.43000031,24.86000061,25.59000015,0
21-08-2013,28.09000015,29.95999908,24.25,27.22999954,0
22-08-2013,29.05999947,29.86000061,27.98999977,28.09000015,0
23-08-2013,25.75,27.84000015,25.34000015,27.68000031,0
26-08-2013,26.37999916,27.43000031,24.71999931,25.75,0
27-08-2013,29.42000008,30.04000092,25.96999931,26.37999916,0
28-08-2013,32.38000107,36.02000046,29.42000008,29.42000008,0
29-08-2013,29.40999985,32.43999863,28.82999992,32.38000107,0
30-08-2013,27.80999947,30.30999947,27.11000061,29.40999985,0
02-09-2013,27.54999924,28.54999924,26.96999931,27.80999947,0
03-09-2013,32.49000168,32.65999985,26.76000023,27.54999924,0
04-09-2013,31.11000061,33.02000046,30.82999992,32.49000168,0
05-09-2013,28.53000069,31.11000061,27.51000023,31.11000061,0
06-09-2013,28.64999962,29.28000069,27.62999916,28.53000069,0
10-09-2013,29.44000053,29.52000046,27.09000015,28.64999962,0
11-09-2013,29.75,31.15999985,28.47999954,29.44000053,0
12-09-2013,29.70999908,30.79999924,26.70000076,29.75,0
13-09-2013,28.29000092,29.70999908,28.17000008,29.70999908,0
16-09-2013,28.81999969,29.67000008,25.89999962,28.29000092,0
17-09-2013,27.93000031,29.57999992,27.60000038,28.81999969,0
18-09-2013,27.69000053,28.48999977,26.98999977,27.93000031,0
19-09-2013,24.5,25.36000061,23.55999947,23.62000084,0
20-09-2013,24.72999954,26.18000031,23.39999962,24.5,0
23-09-2013,27.02000046,27.23999977,24.72999954,24.72999954,0
24-09-2013,26.71999931,28.48999977,26.27000046,27.02000046,0
25-09-2013,25.68000031,27.04999924,25.04999924,26.71999931,0
26-09-2013,24,25.79999924,23.56999969,25.68000031,0
27-09-2013,24.05999947,25.23999977,23.36000061,24,0
30-09-2013,26.64999962,26.64999962,24.90999985,25,0
01-10-2013,25.77000046,28.02000046,25.73999977,26.64999962,0
03-10-2013,25.17000008,25.88999939,24.93000031,25.77000046,0
04-10-2013,26.12999916,26.73999977,24.5,24.5,0
07-10-2013,26.82999992,27.93000031,26.12999916,26.12999916,0
08-10-2013,26.54999924,27.37999916,24.64999962,26.82999992,0
09-10-2013,25.87000084,27.15999985,25.75,26.03000069,0
10-10-2013,25.87999916,26.95000076,25.02000046,25.87000084,0
11-10-2013,23.59000015,25.42000008,23.07999992,23.07999992,0
14-10-2013,22.85000038,24.42000008,22.71999931,23.59000015,0
15-10-2013,23.23999977,23.98999977,20.90999985,22.85000038,0
17-10-2013,21.05999947,23.23999977,21.02000046,23.23999977,0
18-10-2013,20.12000084,21.05999947,19.31999969,21.05999947,0
21-10-2013,20.18000031,21.10000038,19.15999985,19.15999985,0
22-10-2013,19.95999908,20.43000031,19.20999908,20.18000031,0
23-10-2013,20.35000038,20.79000092,18.76000023,19.95999908,0
24-10-2013,20.63999939,21.27000046,19.20000076,20.35000038,0
25-10-2013,20.42000008,21.04000092,19.87000084,20.63999939,0
28-10-2013,21.29000092,21.55999947,20.11000061,20.42000008,0
29-10-2013,19.76000023,21.54000092,19.60000038,21.29000092,0
30-10-2013,19.53000069,20.05999947,18.84000015,19.76000023,0
31-10-2013,18.38999939,19.75,18.20999908,19.53000069,0
01-11-2013,18.63999939,19.38999939,17.86000061,18.38999939,0
05-11-2013,19.94000053,20.26000023,19.28000069,19.48999977,0
06-11-2013,20.25,20.45999908,18.54999924,19.94000053,0
07-11-2013,19.87000084,20.62999916,19.62000084,20.25,0
08-11-2013,19.63999939,20.48999977,19.15999985,19.87000084,0
11-11-2013,19.97999954,20.70999908,19.31999969,19.63999939,0
12-11-2013,20.86000061,20.86000061,18.72999954,19.97999954,0
13-11-2013,20.45000076,21.12000084,20.14999962,20.86000061,0
14-11-2013,19.26000023,19.60000038,18.57999992,18.62000084,0
18-11-2013,18.81999969,19.54999924,17.47999954,19.26000023,0
19-11-2013,19.29999924,19.38999939,17.70000076,17.70000076,0
20-11-2013,20.82999992,20.87999916,18.23999977,19.29999924,0
21-11-2013,21.13999939,22.36000061,19.76000023,20.82999992,0
22-11-2013,20.04000092,21.31999969,19.96999931,21.13999939,0
25-11-2013,21.04999924,21.27000046,19.48999977,20.04000092,0
26-11-2013,21.59000015,22.01000023,20.29999924,21.04999924,0
27-11-2013,21.13999939,22.01000023,20.54000092,21.59000015,0
28-11-2013,20.70999908,20.90999985,20.18000031,20.18000031,0
29-11-2013,21.37999916,21.53000069,20.25,20.37000084,0
02-12-2013,23.36000061,23.36000061,21.29999924,21.37999916,0
03-12-2013,24.71999931,25.09000015,22.95999908,23.36000061,0
04-12-2013,23.70999908,25.45000076,23.34000015,24.71999931,0
05-12-2013,21.68000031,22.06999969,20.07999992,20.57999992,0
06-12-2013,22.20999908,22.36000061,21.07999992,21.68000031,0
09-12-2013,19.15999985,22.20999908,18.09000015,22.20999908,0
10-12-2013,17.97999954,19.15999985,17.95999908,19.15999985,0
11-12-2013,17.54000092,18.53000069,17.07999992,17.97999954,0
12-12-2013,17.73999977,17.93000031,17.03000069,17.03000069,0
13-12-2013,17.84000015,18,16.79000092,16.79000092,0
16-12-2013,18.36000061,18.76000023,17.54000092,17.84000015,0
17-12-2013,18.32999992,18.61000061,17.12999916,18.36000061,0
18-12-2013,17.54000092,18.45999908,17.05999947,18.32999992,0
19-12-2013,16.57999992,17.54000092,15.63000011,17.54000092,0
20-12-2013,16.02000046,16.71999931,15.51000023,16.57999992,0
23-12-2013,16.26000023,17.12999916,15.90999985,16.02000046,0
24-12-2013,15.57999992,16.94000053,15.52000046,16.26000023,0
26-12-2013,14.88000011,16.27000046,14.61999989,15.57999992,0
27-12-2013,14.65999985,15.51000023,14.61999989,14.88000011,0
30-12-2013,15.07999992,15.52000046,14.65999985,14.65999985,0
31-12-2013,15.11999989,15.43999958,14.75,15.07999992,0
01-01-2014,15.57999992,15.57999992,15.10000038,15.11999989,0
02-01-2014,16.54999924,16.96999931,15.32999992,15.57999992,0
03-01-2014,15.86999989,17.31999969,15.78999996,16.54999924,0
06-01-2014,16.5,16.90999985,15.86999989,15.86999989,0
07-01-2014,16.31999969,16.90999985,16.10000038,16.5,0
08-01-2014,16.31999969,16.47999954,15.81999969,16.31999969,0
09-01-2014,16.18000031,16.63999939,15.89999962,16.31999969,0
10-01-2014,15.57999992,16.37000084,15.02000046,16.18000031,0
13-01-2014,15.94999981,16.03000069,14.60999966,15.57999992,0
14-01-2014,15.73999977,16.27000046,15.13000011,15.94999981,0
15-01-2014,15.42000008,15.88000011,14.69999981,15.73999977,0
16-01-2014,15.53999996,15.81999969,14.39999962,15.42000008,0
17-01-2014,15.40999985,15.82999992,14.10000038,15.53999996,0
20-01-2014,15.35000038,16.06999969,14.77000046,15.40999985,0
21-01-2014,15.55000019,15.71000004,13.88000011,15.35000038,0
22-01-2014,15.85000038,15.86999989,14.92000008,15.55000019,0
23-01-2014,15.57999992,16.03000069,15.14000034,15.85000038,0
24-01-2014,15.82999992,16.18000031,15.23999977,15.57999992,0
27-01-2014,18.67000008,18.67000008,15.82999992,15.82999992,0
28-01-2014,17.71999931,18.71999931,17.61000061,18.67000008,0
29-01-2014,18.04000092,18.14999962,16.72999954,17.71999931,0
30-01-2014,17.25,18.34000015,17.06999969,18.04000092,0
31-01-2014,16.81999969,17.32999992,16.63999939,17.25,0
03-02-2014,18.27000046,18.34000015,16.81999969,16.81999969,0
04-02-2014,18.69000053,19.81999969,18.04999924,18.27000046,0
05-02-2014,18.93000031,20.09000015,17.73999977,18.69000053,0
06-02-2014,18.94000053,20.22999954,18,18.93000031,0
07-02-2014,18.54999924,19.11000061,17.70000076,18.94000053,0
10-02-2014,19.04999924,19.20000076,17.57999992,18.54999924,0
11-02-2014,18.62999916,19.04999924,17.39999962,19.04999924,0
12-02-2014,17.43000031,18.62999916,16.12000084,18.62999916,0
13-02-2014,17.79999924,17.95999908,15.22000027,17.43000031,0
14-02-2014,16.65999985,17.82999992,15.60999966,17.79999924,0
17-02-2014,15.82999992,17.02000046,15.53999996,16.65999985,0
18-02-2014,15.40999985,15.82999992,13.68000031,15.82999992,0
19-02-2014,15.06999969,15.40999985,14.05000019,15.40999985,0
20-02-2014,15.15999985,15.72000027,14.27000046,15.06999969,0
21-02-2014,14.03999996,15.15999985,13.88000011,15.15999985,0
24-02-2014,14.35999966,14.82999992,13.68999958,14.03999996,0
25-02-2014,13.94999981,14.35999966,13.52999973,14.35999966,0
26-02-2014,13.96000004,14.19999981,13.23999977,13.94999981,0
28-02-2014,14.18000031,14.86999989,13.55000019,13.96000004,0
03-03-2014,15.27999973,15.72999954,13.93999958,14.18000031,0
04-03-2014,14.39000034,15.36999989,13.93000031,15.27999973,0
05-03-2014,13.84000015,14.43000031,13.34000015,14.39000034,0
06-03-2014,14.47999954,14.64000034,12.5,13.84000015,0
07-03-2014,16.71999931,16.90999985,13.26000023,14.47999954,0
10-03-2014,17.78000069,17.98999977,15.94999981,16.71999931,0
11-03-2014,17.32999992,17.92000008,14.27000046,17.78000069,0
12-03-2014,17.04000092,17.44000053,16.09000015,17.32999992,0
13-03-2014,16.81999969,17.07999992,14.64999962,17.04000092,0
14-03-2014,16.45000076,17.29000092,14.28999996,16.81999969,0
18-03-2014,17.12999916,17.55999947,15.72999954,16.45000076,0
19-03-2014,16.87999916,17.32999992,15.67000008,17.12999916,0
20-03-2014,16.90999985,17.14999962,15.40999985,16.87999916,0
21-03-2014,16.18000031,16.90999985,14.39000034,16.90999985,0
24-03-2014,16.54000092,17.20000076,15.23999977,15.88000011,0
25-03-2014,16.92000008,17.12999916,15.42000008,16.54000092,0
26-03-2014,17.77000046,18.25,15.72000027,16.92000008,0
27-03-2014,18.37000084,18.72999954,17.23999977,17.77000046,0
28-03-2014,18.62999916,19.14999962,17.10000038,18.37000084,0
31-03-2014,21.62000084,21.79999924,17.48999977,18.62999916,0
01-04-2014,20.69000053,21.67000008,19.54000092,21.62000084,0
02-04-2014,21.20999908,21.29999924,16.86000061,20.69000053,0
03-04-2014,22.11000061,22.30999947,17.30999947,21.20999908,0
04-04-2014,22.69000053,22.82999992,16.67000008,22.11000061,0
07-04-2014,24.95000076,25.48999977,17.69000053,22.69000053,0
09-04-2014,26.90999985,27.09000015,22.38999939,24.95000076,0
10-04-2014,28.71999931,29.70999908,21.11000061,26.90999985,0
11-04-2014,29.19000053,29.47999954,20.82999992,28.71999931,0
15-04-2014,31.87999916,32.61999893,22.87000084,29.19000053,0
16-04-2014,31.15999985,32.08000183,21.68000031,31.87999916,0
17-04-2014,30.85000038,31.32999992,21.64999962,31.15999985,0
21-04-2014,34.38999939,38.04000092,30.85000038,30.85000038,0
22-04-2014,33.34999847,37.22999954,32.93999863,34.38999939,0
23-04-2014,31.12999916,34.25,28.06999969,33.34999847,0
25-04-2014,30.68000031,32.97999954,30.12000084,31.12999916,0
28-04-2014,31.38999939,31.93000031,30.5,30.68000031,0
29-04-2014,31.04999924,32.43999863,30.48999977,31.38999939,0
30-04-2014,30.59000015,31.45999908,30.03000069,31.04999924,0
02-05-2014,33.06000137,33.41999817,29.18000031,30.59000015,0
05-05-2014,34.18999863,35.31000137,30.98999977,33.06000137,0
06-05-2014,33.27000046,34.29999924,31.37000084,34.18999863,0
07-05-2014,33.61000061,34.45999908,30.30999947,33.27000046,0
08-05-2014,34.29999924,35.00999832,29.61000061,33.61000061,0
09-05-2014,37.70999908,38.95999908,32.68000031,34.29999924,0
12-05-2014,37.09999847,39.29999924,33.81999969,37.70999908,0
13-05-2014,32.04999924,37.09999847,28.25,37.09999847,0
14-05-2014,32.41999817,32.99000168,28.61000061,32.04999924,0
15-05-2014,36.77000046,37.47999954,31.13999939,32.41999817,0
16-05-2014,24.29000092,36.77000046,21.73999977,36.77000046,0
19-05-2014,20.62999916,24.29000092,19.62000084,24.29000092,0
20-05-2014,19.22999954,21.12999916,16.17000008,20.62999916,0
21-05-2014,17.90999985,19.22999954,14.56000042,19.22999954,0
22-05-2014,17.84000015,18.68000031,14.76000023,17.90999985,0
23-05-2014,17.70000076,18.10000038,13.97000027,17.84000015,0
26-05-2014,19.84000015,20.60000038,14.59000015,17.70000076,0
27-05-2014,19.10000038,21.42000008,17.77000046,19.84000015,0
28-05-2014,17.55999947,19.55999947,17.34000015,19.10000038,0
29-05-2014,16.69000053,17.77000046,16.17000008,17.55999947,0
30-05-2014,16.34000015,16.95000076,15.86999989,16.69000053,0
02-06-2014,16.5,17.10000038,15.71000004,16.34000015,0
03-06-2014,15.80000019,16.89999962,15.15999985,16.5,0
04-06-2014,15.56999969,15.92000008,14.43999958,15.80000019,0
05-06-2014,15.44999981,16.04000092,14.13000011,15.56999969,0
06-06-2014,15.97999954,16.45000076,13.73999977,15.44999981,0
09-06-2014,17.10000038,17.42000008,14.63000011,15.97999954,0
10-06-2014,16.65999985,18.12999916,14.39000034,17.10000038,0
11-06-2014,17.05999947,17.5,14,16.65999985,0
12-06-2014,16.89999962,17.47999954,15.68999958,17.05999947,0
13-06-2014,17.76000023,17.95999908,14.52000046,16.89999962,0
16-06-2014,17.97999954,18.54000092,15.26000023,17.76000023,0
17-06-2014,17.70000076,18.47999954,16.61000061,17.97999954,0
18-06-2014,18.57999992,19.13999939,14.55000019,17.70000076,0
19-06-2014,18.73999977,19.37999916,16.95999908,18.57999992,0
20-06-2014,18.85000038,19.25,15.59000015,18.73999977,0
23-06-2014,18.95999908,19.54000092,17.81999969,18.85000038,0
24-06-2014,19.19000053,20.61000061,18.68000031,18.95999908,0
25-06-2014,18.30999947,20.12000084,18.11000061,19.19000053,0
26-06-2014,17.70000076,18.5,17.10000038,18.30999947,0
27-06-2014,17.62999916,18.37000084,17.37999916,17.70000076,0
30-06-2014,17.87000084,18.45000076,17.59000015,17.62999916,0
01-07-2014,17.65999985,18.14999962,17.23999977,17.87000084,0
02-07-2014,17.56999969,17.79000092,17.09000015,17.65999985,0
03-07-2014,17.80999947,18.26000023,17.22999954,17.56999969,0
04-07-2014,18.15999985,18.68000031,17.05999947,17.80999947,0
07-07-2014,19.40999985,19.57999992,17.54999924,18.15999985,0
08-07-2014,19.18000031,19.95000076,18.15999985,19.40999985,0
09-07-2014,18.19000053,19.30999947,18.01000023,19.18000031,0
10-07-2014,15.97000027,18.19000053,15.40999985,18.19000053,0
11-07-2014,15.72000027,16.02000046,14.85000038,15.97000027,0
14-07-2014,15.56000042,16.70999908,14.97999954,15.72000027,0
15-07-2014,14.77000046,15.56000042,13.84000015,15.56000042,0
16-07-2014,14.72999954,15.07999992,13.81999969,14.77000046,0
17-07-2014,14.97000027,15.18000031,11.93999958,14.72999954,0
18-07-2014,15.10000038,15.52999973,12.97999954,14.97000027,0
21-07-2014,14.89999962,15.51000023,13.63000011,15.10000038,0
22-07-2014,14.64000034,14.89999962,12.25,14.89999962,0
23-07-2014,14.68999958,15.10000038,12.47000027,14.64000034,0
24-07-2014,14.72000027,15.14999962,12.43999958,14.68999958,0
25-07-2014,14.22000027,15,12.77999973,14.72000027,0
28-07-2014,14.31999969,15.10000038,14.10999966,14.22000027,0
30-07-2014,13.89000034,14.76000023,13.68999958,14.31999969,0
31-07-2014,13.81999969,14.06999969,13.13000011,13.89000034,0
01-08-2014,15.22000027,15.38000011,13.71000004,13.81999969,0
04-08-2014,14.81999969,15.47000027,14.31000042,15.22000027,0
05-08-2014,13.94999981,14.81999969,13.67000008,14.81999969,0
06-08-2014,14.30000019,14.56999969,12.92000008,13.94999981,0
07-08-2014,14.14000034,14.46000004,13.02000046,14.30000019,0
08-08-2014,14.61999989,15.18000031,13.02999973,14.14000034,0
11-08-2014,14,14.76000023,13.47999954,14.61999989,0
12-08-2014,13.47000027,14.43000031,12.32999992,14,0
13-08-2014,13.76000023,14.09000015,12.72000027,13.47000027,0
14-08-2014,13.22000027,13.76000023,11.84000015,13.76000023,0
18-08-2014,13.5,14.19999981,11.97999954,13.22000027,0
19-08-2014,13.90999985,14.21000004,11.94999981,13.5,0
20-08-2014,13.65999985,14.32999992,12.46000004,13.90999985,0
21-08-2014,13.72999954,14.35999966,12.01000023,13.65999985,0
22-08-2014,13.61999989,13.97000027,12.19999981,13.72999954,0
25-08-2014,13.78999996,14.17000008,12.01000023,13.61999989,0
26-08-2014,13.89999962,14.52000046,13.27999973,13.78999996,0
27-08-2014,13.06000042,13.89999962,12.73999977,13.89999962,0
28-08-2014,13.06999969,14.35000038,12.32999992,13.06000042,0
01-09-2014,13.52999973,13.68000031,12.85999966,13.06999969,0
02-09-2014,13.44999981,13.90999985,12.48999977,13.52999973,0
03-09-2014,13.39000034,13.94999981,12.56999969,13.44999981,0
04-09-2014,13.07999992,13.61999989,12.39999962,13.39000034,0
05-09-2014,12.93999958,13.31000042,12.31000042,13.07999992,0
08-09-2014,12.78999996,13.06999969,12.18000031,12.93999958,0
09-09-2014,12.76000023,13.03999996,11.01000023,12.78999996,0
10-09-2014,12.93000031,13.10999966,11.81000042,12.76000023,0
11-09-2014,12.52000046,13.14000034,11.81999969,12.93000031,0
12-09-2014,12.36999989,12.61999989,11.39999962,12.52000046,0
15-09-2014,13.26000023,13.35999966,12.03999996,12.36999989,0
16-09-2014,13.27999973,13.72999954,12.05000019,13.26000023,0
17-09-2014,12.94999981,13.27999973,11.26000023,13.27999973,0
18-09-2014,12.32999992,12.94999981,11.05000019,12.94999981,0
19-09-2014,11.89000034,12.39999962,11.38000011,12.32999992,0
22-09-2014,11.56999969,12.43999958,10.31999969,11.89000034,0
23-09-2014,12.40999985,12.86999989,11.07999992,11.56999969,0
24-09-2014,12.53999996,13.52000046,11.89000034,12.40999985,0
25-09-2014,13.30000019,13.88000011,11.57999992,12.53999996,0
26-09-2014,12.93000031,14.82999992,12.53999996,13.30000019,0
29-09-2014,13.39000034,14.22999954,12.77000046,12.93000031,0
30-09-2014,13.14999962,13.56999969,12.72000027,13.39000034,0
01-10-2014,13,13.47999954,12.82999992,13.14999962,0
07-10-2014,14.46000004,14.56999969,13,13,0
08-10-2014,14.10999966,14.85000038,13.68000031,14.46000004,0
09-10-2014,13.15999985,14.10999966,12.75,14.10999966,0
10-10-2014,14.32999992,14.46000004,12.44999981,13.15999985,0
13-10-2014,14.5,15.22999954,14.06999969,14.32999992,0
14-10-2014,14.59000015,15.30000019,12.93000031,14.5,0
16-10-2014,16.43000031,16.88999939,14.31999969,14.59000015,0
17-10-2014,16.39999962,16.86000061,14.73999977,16.43000031,0
20-10-2014,14.18999958,16.39999962,12.93999958,16.39999962,0
21-10-2014,13.32999992,14.18999958,11.97999954,14.18999958,0
22-10-2014,13.02999973,13.32999992,12.03999996,13.32999992,0
27-10-2014,13.52000046,13.80000019,11.92000008,12.85999966,0
28-10-2014,13.31999969,13.65999985,12.03999996,13.52000046,0
29-10-2014,13.01000023,13.60000038,12.53999996,13.31999969,0
30-10-2014,13.27000046,13.46000004,11.76000023,13.01000023,0
31-10-2014,13.30000019,13.76000023,12.22000027,13.27000046,0
03-11-2014,13.73999977,13.94999981,12.46000004,13.30000019,0
05-11-2014,13.76000023,14.31999969,12.48999977,13.73999977,0
07-11-2014,14.10999966,14.69999981,13.11999989,13.76000023,0
10-11-2014,13.93000031,17.20999908,12.97999954,14.10999966,0
11-11-2014,14.80000019,15.48999977,12.72000027,13.93000031,0
12-11-2014,14.43999958,14.80000019,12.59000015,14.80000019,0
13-11-2014,13.80000019,14.43999958,12.71000004,14.43999958,0
14-11-2014,13.97000027,14.19999981,11.38000011,13.80000019,0
17-11-2014,14.40999985,14.90999985,11.47999954,13.97000027,0
18-11-2014,14.06999969,14.90999985,10.84000015,14.40999985,0
19-11-2014,14.35000038,14.63000011,10.25,14.06999969,0
20-11-2014,14.17000008,14.35999966,11.90999985,14.35000038,0
21-11-2014,13.85000038,15.14999962,11.05000019,14.17000008,0
24-11-2014,13.02000046,13.85000038,9.350000381,13.85000038,0
25-11-2014,13.52999973,14.25,11.44999981,13.02000046,0
26-11-2014,12.98999977,13.53999996,10.60999966,13.52999973,0
27-11-2014,12.73999977,13.11999989,11.64999962,12.98999977,0
28-11-2014,12.89999962,13.13000011,11.60000038,12.73999977,0
01-12-2014,13.19999981,13.61999989,12.19999981,12.89999962,0
02-12-2014,12.39999962,13.32999992,12.21000004,13.19999981,0
03-12-2014,12.36999989,12.60999966,11.28999996,12.39999962,0
04-12-2014,12.44999981,12.64000034,10.72000027,12.36999989,0
05-12-2014,11.94999981,12.44999981,11.32999992,12.44999981,0
08-12-2014,12.21000004,12.64999962,11.22999954,11.94999981,0
09-12-2014,12.5,13.07999992,10.81999969,12.21000004,0
10-12-2014,12.23999977,12.97000027,11.56999969,12.5,0
11-12-2014,12.77000046,12.89999962,11.18999958,12.23999977,0
12-12-2014,13.75,13.90999985,11.52999973,12.77000046,0
15-12-2014,14.02000046,14.32999992,12.56999969,13.75,0
16-12-2014,16.30999947,16.55999947,12.56999969,14.02000046,0
17-12-2014,16.93000031,19.05999947,14.19999981,16.30999947,0
18-12-2014,14.60000038,16.93000031,13.97000027,16.93000031,0
19-12-2014,14.51000023,14.77999973,11.85000038,14.60000038,0
22-12-2014,14.21000004,15.57999992,14.02000046,14.51000023,0
23-12-2014,15.30000019,16.11000061,13.55000019,14.21000004,0
24-12-2014,15.06999969,15.60999966,14.30000019,15.30000019,0
26-12-2014,14.64999962,16.36000061,14.39999962,15.06999969,0
29-12-2014,14.57999992,15.03999996,14.22000027,14.64999962,0
30-12-2014,14.85999966,15.22000027,14.14000034,14.57999992,0
31-12-2014,15.11999989,15.39999962,14.60000038,14.85999966,0
01-01-2015,15.02999973,15.51000023,14.76000023,15.11999989,0
02-01-2015,13.80000019,15.02999973,13.47999954,15.02999973,0
05-01-2015,14.14999962,14.40999985,13.14999962,13.80000019,0
06-01-2015,17.42000008,17.87000084,13.46000004,14.14999962,0
07-01-2015,18.13999939,19.06999969,16.5,17.42000008,0
08-01-2015,16.46999931,18.13999939,15.38000011,18.13999939,0
09-01-2015,15.96000004,16.90999985,14.46000004,16.46999931,0
12-01-2015,16.11000061,17.54999924,14.36999989,15.96000004,0
13-01-2015,16.47999954,16.80999947,14.56999969,16.11000061,0
14-01-2015,17.25,17.79999924,14.65999985,16.47999954,0
15-01-2015,16.15999985,17.25,13.82999992,17.25,0
16-01-2015,17.27000046,17.5,14.85999966,16.15999985,0
19-01-2015,17.64999962,18.29000092,14.56000042,17.27000046,0
20-01-2015,17.27000046,17.64999962,15.72000027,17.64999962,0
21-01-2015,17.70999908,18.13999939,14.32999992,17.27000046,0
22-01-2015,18.56999969,18.76000023,14.21000004,17.70999908,0
23-01-2015,17.88999939,18.73999977,13.46000004,18.56999969,0
27-01-2015,18.09000015,18.68000031,16.78000069,17.88999939,0
28-01-2015,19.77000046,20.14999962,17.62000084,18.09000015,0
29-01-2015,19.43000031,20.56999969,17.70000076,19.77000046,0
30-01-2015,20.17000008,21.20999908,18.32999992,19.43000031,0
02-02-2015,20.40999985,21.37000084,19.86000061,20.17000008,0
03-02-2015,19.80999947,20.47999954,19,20.40999985,0
04-02-2015,20.04999924,20.29000092,17.96999931,19.80999947,0
05-02-2015,20.62000084,20.88999939,18.26000023,20.04999924,0
06-02-2015,20.69000053,21.23999977,18.71999931,20.62000084,0
09-02-2015,22.02000046,22.12000084,18.59000015,20.69000053,0
10-02-2015,21.19000053,22.02000046,19.85000038,22.02000046,0
11-02-2015,20.5,21.51000023,18.54000092,21.19000053,0
12-02-2015,20.15999985,20.95999908,17.93000031,20.5,0
13-02-2015,20.10000038,20.45000076,16.97999954,20.15999985,0
16-02-2015,20.82999992,21.12000084,17.47999954,20.10000038,0
18-02-2015,20.90999985,21.64999962,18.64999962,20.82999992,0
19-02-2015,20.39999962,21.90999985,19.39999962,20.90999985,0
20-02-2015,21.27000046,21.27000046,19.23999977,20.39999962,0
23-02-2015,21.62999916,22.02000046,19.40999985,21.27000046,0
24-02-2015,21.54999924,22.06999969,20.92000008,21.62999916,0
25-02-2015,20.78000069,21.54999924,20.21999931,21.54999924,0
26-02-2015,20.57999992,21.23999977,19.94000053,20.78000069,0
27-02-2015,19.56999969,20.57999992,19.29999924,20.57999992,0
02-03-2015,15.85000038,16.96999931,15.73999977,16.96999931,0
03-03-2015,15.48999977,15.94999981,14.97999954,15.85000038,0
04-03-2015,15.19999981,15.48999977,14.30000019,15.48999977,0
05-03-2015,14.43999958,15.25,13.97000027,15.19999981,0
09-03-2015,15.81000042,16.01000023,13.31999969,14.43999958,0
10-03-2015,15.52999973,16.14999962,14.96000004,15.81000042,0
11-03-2015,15.13000011,15.60999966,14.25,15.52999973,0
12-03-2015,14.75,15.13000011,13.77999973,15.13000011,0
13-03-2015,14.97000027,15.23999977,13.44999981,14.75,0
16-03-2015,15.18000031,15.36999989,14.32999992,14.97000027,0
17-03-2015,15.13000011,15.46000004,13.43000031,15.18000031,0
18-03-2015,15.51000023,15.69999981,13.72000027,15.13000011,0
19-03-2015,15.19999981,15.51000023,12.89000034,15.51000023,0
20-03-2015,14.26000023,15.35999966,13.07999992,15.19999981,0
23-03-2015,14.27000046,14.57999992,12.43999958,14.26000023,0
24-03-2015,13.67000008,14.48999977,12.44999981,14.27000046,0
25-03-2015,13.14000034,13.94999981,12.35999966,13.67000008,0
26-03-2015,15.15999985,15.60999966,12.52000046,13.14000034,0
27-03-2015,14.5,15.39999962,14.36999989,15.15999985,0
30-03-2015,14.26000023,15.18999958,14.10999966,14.5,0
31-03-2015,14.48999977,14.73999977,13.85999966,14.26000023,0
01-04-2015,13.67000008,14.68000031,13.56999969,14.48999977,0
06-04-2015,14.56999969,15.05000019,13.60000038,13.67000008,0
07-04-2015,14.25,14.89999962,13.97999954,14.56999969,0
08-04-2015,14.35000038,14.69999981,13.35000038,14.25,0
09-04-2015,14.42000008,14.89000034,13.28999996,14.35000038,0
10-04-2015,14.26000023,14.78999996,13.43000031,14.42000008,0
13-04-2015,14.48999977,14.93000031,13.06000042,14.26000023,0
15-04-2015,14.61999989,14.98999977,13.34000015,14.48999977,0
16-04-2015,14.94999981,15.30000019,12.97000027,14.61999989,0
17-04-2015,15.03999996,15.18000031,13.61999989,14.94999981,0
20-04-2015,16.29999924,16.42000008,13.65999985,15.03999996,0
21-04-2015,17.03000069,17.34000015,15.22999954,16.29999924,0
22-04-2015,17.20999908,18.37999916,14.68999958,17.03000069,0
23-04-2015,18.5,19.43000031,14.97000027,17.20999908,0
24-04-2015,19.11000061,19.59000015,17.36000061,18.5,0
27-04-2015,18.73999977,20.09000015,16.21999931,19.11000061,0
28-04-2015,17.40999985,18.89999962,16.75,18.73999977,0
29-04-2015,17.23999977,17.88999939,15.72999954,17.40999985,0
30-04-2015,17.22999954,18.12000084,16.30999947,17.23999977,0
04-05-2015,17.30999947,18.28000069,16.95999908,17.22999954,0
05-05-2015,17.36000061,18.06999969,16.27000046,17.30999947,0
06-05-2015,19.67000008,20.45999908,16.70999908,17.36000061,0
07-05-2015,19.64999962,20.03000069,18.34000015,19.67000008,0
08-05-2015,19.11000061,19.64999962,17.44000053,19.64999962,0
11-05-2015,18.62999916,19.28000069,16.77000046,19.11000061,0
12-05-2015,20.54999924,21.32999992,17.21999931,18.62999916,0
13-05-2015,20.69000053,21.43000031,18.10000038,20.54999924,0
14-05-2015,20.70000076,21.90999985,19.81999969,20.69000053,0
15-05-2015,19.81999969,20.97999954,19.10000038,20.70000076,0
18-05-2015,17.89999962,20.46999931,16.77000046,19.81999969,0
19-05-2015,18.27000046,18.52000046,14.86999989,17.89999962,0
20-05-2015,17.71999931,18.27000046,15.56999969,18.27000046,0
21-05-2015,17.40999985,18.05999947,16.13999939,17.71999931,0
22-05-2015,16.95000076,17.44000053,14.19999981,17.40999985,0
25-05-2015,16.93000031,17.70000076,14.68000031,16.95000076,0
26-05-2015,17.06999969,17.84000015,15.28999996,16.93000031,0
27-05-2015,17.28000069,17.96999931,16.90999985,17.06999969,0
28-05-2015,17.12999916,17.71999931,16.60000038,17.28000069,0
29-05-2015,16.65999985,17.70999908,16.44000053,17.12999916,0
01-06-2015,16.90999985,17.45999908,16.05999947,16.65999985,0
02-06-2015,16.81999969,17.13999939,16.03000069,16.90999985,0
03-06-2015,17.51000023,17.92000008,15.85999966,16.81999969,0
04-06-2015,18.12000084,18.67000008,16.46999931,16.81999969,0
05-06-2015,18.09000015,18.37999916,17.69000053,18.12000084,0
08-06-2015,18.88999939,19.06999969,17.15999985,18.09000015,0
09-06-2015,18.01000023,19.12000084,16.47999954,18.88999939,0
10-06-2015,17.07999992,18.02000046,16.70999908,18.01000023,0
11-06-2015,17.80999947,17.95000076,15.94999981,17.07999992,0
12-06-2015,17.47999954,18.20999908,16.07999992,17.80999947,0
15-06-2015,17.52000046,18.02000046,15.35000038,17.47999954,0
16-06-2015,17.17000008,17.86000061,14.09000015,17.52000046,0
17-06-2015,16.72999954,17.19000053,14.30000019,17.17000008,0
18-06-2015,16.02000046,16.72999954,14.23999977,16.72999954,0
19-06-2015,15.09000015,16.02000046,14.90999985,16.02000046,0
22-06-2015,15.48999977,15.75,13.73999977,15.09000015,0
23-06-2015,15.03999996,16.54000092,14.82999992,15.48999977,0
24-06-2015,15.92000008,16.61000061,14.94999981,15.03999996,0
25-06-2015,15.93000031,16.70999908,15.47999954,15.92000008,0
26-06-2015,15.76000023,16.52000046,15.52000046,15.93000031,0
29-06-2015,17.29999924,18.77000046,15.76000023,15.76000023,0
30-06-2015,16.93000031,17.84000015,16.78000069,17.29999924,0
01-07-2015,15.85000038,17.10000038,15.72000027,16.93000031,0
02-07-2015,15.56000042,16.07999992,15.15999985,15.85000038,0
03-07-2015,16.30999947,16.38999939,14.78999996,15.56000042,0
06-07-2015,16.02000046,17.04999924,15.89000034,16.30999947,0
07-07-2015,16.30999947,16.56999969,15.22000027,16.02000046,0
08-07-2015,17.79000092,18.37999916,15.43999958,16.30999947,0
09-07-2015,17.44000053,18.07999992,16.29000092,17.79000092,0
10-07-2015,17.06999969,17.62999916,16.23999977,17.44000053,0
13-07-2015,16.27000046,17.71999931,15.56999969,17.06999969,0
14-07-2015,16.01000023,16.61000061,14.69999981,16.27000046,0
15-07-2015,15.56999969,16.03000069,14.18999958,16.01000023,0
16-07-2015,14.77999973,15.56999969,14.30000019,15.56999969,0
17-07-2015,14.80000019,15.14000034,13.28999996,14.77999973,0
20-07-2015,14.96000004,15.61999989,12.72999954,14.80000019,0
21-07-2015,15.10000038,15.31000042,13.01000023,14.96000004,0
22-07-2015,15.13000011,15.35000038,13.5,15.10000038,0
23-07-2015,15.52000046,15.73999977,13.10000038,15.13000011,0
24-07-2015,15.46000004,15.93000031,12.06999969,15.52000046,0
27-07-2015,16.37000084,17.04999924,12.93000031,15.46000004,0
28-07-2015,15.92000008,16.56999969,15.59000015,16.37000084,0
29-07-2015,15.88000011,16.34000015,14.13000011,15.92000008,0
30-07-2015,15.32999992,15.88000011,14.65999985,15.88000011,0
31-07-2015,14.56999969,15.57999992,14.5,15.32999992,0
03-08-2015,15.39000034,15.64999962,14.27999973,14.56999969,0
04-08-2015,14.82999992,15.69999981,14.27999973,15.39000034,0
05-08-2015,14.67000008,14.88000011,13.68999958,14.82999992,0
06-08-2015,14.72999954,15.01000023,12.89000034,14.67000008,0
07-08-2015,14.90999985,15.06999969,13.17000008,14.72999954,0
10-08-2015,15.47000027,15.61999989,14.23999977,14.90999985,0
11-08-2015,15.89000034,16.09000015,13.55000019,15.47000027,0
12-08-2015,17.45000076,17.71999931,14.78999996,15.89000034,0
13-08-2015,17.02000046,17.45000076,16.25,17.45000076,0
14-08-2015,16.02000046,17.02000046,15.14000034,17.02000046,0
17-08-2015,16.45999908,17.20000076,15.28999996,16.02000046,0
18-08-2015,16.36000061,16.65999985,15.10000038,16.45999908,0
19-08-2015,16.68000031,16.98999977,14.94999981,16.36000061,0
20-08-2015,16.97999954,17.20000076,15.47000027,16.68000031,0
21-08-2015,17.11000061,18.72999954,15.18999958,16.97999954,0
24-08-2015,28.12999916,30.64999962,17.11000061,17.11000061,0
25-08-2015,26.85000038,35.56999969,26.07999992,28.12999916,0
26-08-2015,25.52000046,29.04999924,23.53000069,26.85000038,0
27-08-2015,22.04000092,25.52000046,21.52000046,25.52000046,0
28-08-2015,23.32999992,23.67000008,19.79999924,22.04000092,0
31-08-2015,24.60000038,24.73999977,22.68000031,23.32999992,0
01-09-2015,28.71999931,30.44000053,24.44000053,24.60000038,0
02-09-2015,26.64999962,28.71999931,26.37999916,28.71999931,0
03-09-2015,24.12000084,26.64999962,23.71999931,26.64999962,0
04-09-2015,26.42000008,27.25,23.42000008,24.12000084,0
07-09-2015,26.35000038,26.82999992,24.51000023,26.42000008,0
08-09-2015,24.56999969,26.44000053,23.84000015,26.35000038,0
09-09-2015,24.29999924,24.65999985,21.35000038,24.56999969,0
10-09-2015,24.75,25.84000015,24.02000046,24.29999924,0
11-09-2015,24.97999954,25.26000023,23.26000023,24.75,0
14-09-2015,24.31999969,25.27000046,23.45999908,24.97999954,0
15-09-2015,23.73999977,24.55999947,22.70000076,24.31999969,0
16-09-2015,22,23.73999977,21.60000038,23.73999977,0
18-09-2015,18.29000092,22,17.87999916,22,0
21-09-2015,18.18000031,18.92000008,16.98999977,18.29000092,0
22-09-2015,20.35000038,21.25,17.20999908,18.18000031,0
23-09-2015,20.69000053,22.19000053,19.77000046,20.35000038,0
24-09-2015,20.87999916,21.56999969,19.37999916,20.69000053,0
28-09-2015,21.67000008,22.23999977,20.77000046,20.87999916,0
29-09-2015,21.56999969,23.62999916,20.44000053,21.67000008,0
30-09-2015,19.62999916,21.56999969,19.37000084,21.56999969,0
01-10-2015,19.23999977,20.11000061,18.23999977,19.62999916,0
05-10-2015,19.12999916,19.45999908,18.05999947,19.23999977,0
06-10-2015,19.30999947,19.89999962,17.38999939,19.12999916,0
07-10-2015,19.34000015,19.73999977,17.89999962,19.30999947,0
08-10-2015,19.55999947,19.93000031,17.35000038,19.34000015,0
09-10-2015,18.93000031,19.68000031,17.68000031,19.55999947,0
12-10-2015,19.12000084,19.98999977,17.18000031,18.93000031,0
13-10-2015,18.02000046,19.21999931,17.85000038,19.12000084,0
14-10-2015,17.71999931,18.28000069,15.76000023,18.02000046,0
15-10-2015,17.17000008,17.71999931,14.85999966,17.71999931,0
16-10-2015,16.27000046,17.18000031,14.02999973,17.17000008,0
19-10-2015,16.87999916,17.06999969,15.30000019,16.27000046,0
20-10-2015,17,17.18000031,14.52999973,16.87999916,0
21-10-2015,16.62000084,17.43000031,13.65999985,17,0
23-10-2015,16.19000053,16.62000084,14.64999962,16.62000084,0
26-10-2015,17.22999954,17.81999969,15.01000023,16.19000053,0
27-10-2015,16.54000092,17.29999924,16,17.22999954,0
28-10-2015,17.04000092,17.47999954,15.56000042,16.54000092,0
29-10-2015,17.57999992,17.95000076,14.72000027,17.04000092,0
30-10-2015,17.87999916,18.32999992,16.87999916,17.57999992,0
02-11-2015,19.47999954,20.12999916,17.37999916,17.87999916,0
03-11-2015,19.55999947,19.95999908,18.06999969,19.47999954,0
04-11-2015,19.36000061,19.62999916,17.95000076,19.55999947,0
05-11-2015,19.29000092,19.73999977,18.34000015,19.36000061,0
06-11-2015,19.46999931,19.59000015,16.61000061,19.29000092,0
09-11-2015,17.04000092,19.46999931,15.98999977,19.46999931,0
10-11-2015,16.82999992,17.05999947,15.30000019,17.04000092,0
13-11-2015,17.64999962,17.71999931,15.80000019,16.90999985,0
16-11-2015,17.87999916,18.61000061,15.28999996,17.64999962,0
17-11-2015,16.96999931,17.87999916,15.61999989,17.87999916,0
18-11-2015,17.42000008,17.75,14.89999962,16.96999931,0
19-11-2015,15.84000015,17.42000008,14.42000008,17.42000008,0
20-11-2015,15.89999962,16.13999939,13.82999992,15.84000015,0
23-11-2015,17.07999992,17.55999947,15.77999973,15.89999962,0
24-11-2015,16.25,17.07999992,15.64999962,17.07999992,0
26-11-2015,16.69000053,16.79000092,15.09000015,16.25,0
27-11-2015,16.72999954,16.97999954,16.17000008,16.69000053,0
30-11-2015,16.43000031,17.23999977,15.85000038,16.72999954,0
01-12-2015,15.64000034,16.43000031,15.52999973,16.43000031,0
02-12-2015,15.48999977,15.97999954,14.72999954,15.64000034,0
03-12-2015,16.05999947,16.15999985,15.11999989,15.48999977,0
04-12-2015,16.09000015,16.54999924,15.56000042,16.05999947,0
07-12-2015,15.86999989,16.36000061,15.78999996,16.09000015,0
08-12-2015,15.97000027,16.23999977,15.47000027,15.86999989,0
09-12-2015,16.72999954,16.92000008,15.36999989,15.97000027,0
10-12-2015,16.29000092,16.72999954,15.46000004,16.72999954,0
11-12-2015,17.18000031,17.77000046,15.03999996,16.29000092,0
14-12-2015,17.79999924,18.36000061,16.45999908,17.18000031,0
15-12-2015,17.34000015,18.36000061,16.11000061,17.79999924,0
16-12-2015,16.72999954,17.34000015,14.90999985,17.34000015,0
17-12-2015,14.22000027,16.72999954,14.02000046,16.72999954,0
18-12-2015,14.48999977,14.71000004,13.03999996,14.22000027,0
21-12-2015,14.22999954,14.97999954,12.97999954,14.48999977,0
22-12-2015,14.47999954,14.60999966,12.22999954,14.22999954,0
23-12-2015,13.64999962,14.47999954,12.63000011,14.47999954,0
24-12-2015,13.75,13.93999958,11.19999981,13.64999962,0
28-12-2015,14.39999962,14.52999973,10.38000011,13.75,0
29-12-2015,14.23999977,14.71000004,13.32999992,14.39999962,0
30-12-2015,14.35000038,14.5,12.77999973,14.23999977,0
31-12-2015,13.86999989,14.48999977,12.97999954,14.35000038,0
01-01-2016,14.26000023,14.35000038,13.10999966,13.86999989,0
04-01-2016,16.84000015,17.10000038,14.02999973,14.26000023,0
05-01-2016,16.70000076,16.84000015,15.56999969,16.84000015,0
06-01-2016,16.54999924,17.15999985,15.60999966,16.70000076,0
07-01-2016,18.95999908,19.26000023,16.48999977,16.54999924,0
08-01-2016,17.79999924,18.95999908,16.87000084,18.95999908,0
11-01-2016,18.69000053,19.20000076,17.79999924,17.79999924,0
12-01-2016,18.70999908,19.19000053,17.14999962,18.69000053,0
13-01-2016,18.35000038,19.65999985,17.52000046,18.70999908,0
14-01-2016,18.61000061,19.79000092,16.46999931,18.35000038,0
15-01-2016,19.42000008,19.69000053,15.67000008,18.61000061,0
18-01-2016,20.22999954,20.54000092,18.10000038,19.42000008,0
19-01-2016,18.43000031,20.22999954,17.93000031,20.22999954,0
20-01-2016,20.96999931,22.11000061,17.19000053,18.43000031,0
21-01-2016,20.80999947,21.69000053,17.85000038,20.96999931,0
22-01-2016,18.81999969,20.80999947,17.12000084,20.80999947,0
25-01-2016,18.27000046,19.14999962,17.20999908,18.81999969,0
27-01-2016,19.05999947,19.27000046,17.93000031,18.27000046,0
28-01-2016,17.89999962,19.05999947,17.26000023,19.05999947,0
29-01-2016,17.23999977,18.79999924,17.07999992,17.89999962,0
01-02-2016,17.88999939,18.17000008,17.12999916,17.23999977,0
02-02-2016,18.04000092,18.35000038,16.48999977,17.88999939,0
03-02-2016,18.59000015,18.94000053,18.02000046,18.04000092,0
04-02-2016,18.20999908,18.64999962,17.32999992,18.59000015,0
05-02-2016,18.11000061,18.32999992,16.54000092,18.20999908,0
08-02-2016,20.26000023,20.45000076,17.36000061,18.11000061,0
09-02-2016,21.72999954,22.03000069,20.25,20.26000023,0
10-02-2016,22.46999931,23.10000038,21.44000053,21.72999954,0
11-02-2016,25.96999931,26.87000084,22.11000061,22.46999931,0
12-02-2016,24.67000008,25.96999931,24.01000023,25.96999931,0
15-02-2016,22.37999916,24.67000008,21.79999924,24.67000008,0
16-02-2016,23.04000092,23.32999992,17.31999969,22.37999916,0
17-02-2016,21.82999992,23.80999947,20.63999939,23.04000092,0
18-02-2016,21.48999977,22.29999924,19.79000092,21.82999992,0
19-02-2016,20.92000008,21.65999985,17.70000076,21.48999977,0
22-02-2016,21.02000046,21.86000061,17.40999985,20.92000008,0
23-02-2016,23.84000015,24.63999939,21.02000046,21.02000046,0
24-02-2016,22.95999908,24.81999969,22.12999916,23.84000015,0
25-02-2016,22.75,23.48999977,22.20000076,22.95999908,0
26-02-2016,21.87000084,23.14999962,21.19000053,22.75,0
29-02-2016,20.15999985,22.40999985,19.36000061,21.87000084,0
01-03-2016,18.67000008,20.15999985,18.39999962,20.15999985,0
02-03-2016,18.98999977,19.20000076,17.5,18.67000008,0
03-03-2016,18.04000092,19.02000046,17.90999985,18.98999977,0
04-03-2016,17.87999916,18.31999969,17.20000076,18.04000092,0
08-03-2016,18.46999931,18.97999954,17.40999985,17.87999916,0
09-03-2016,17.51000023,18.68000031,17.31999969,18.46999931,0
10-03-2016,17.89999962,18.23999977,16.27000046,17.51000023,0
11-03-2016,17.10000038,17.89999962,16.03000069,17.89999962,0
14-03-2016,17.10000038,17.39999962,15.59000015,17.10000038,0
15-03-2016,17.60000038,17.84000015,15.22999954,17.10000038,0
16-03-2016,17.11000061,17.87999916,14.60000038,17.60000038,0
17-03-2016,16.84000015,17.27000046,15.56000042,17.11000061,0
18-03-2016,16.37999916,16.87000084,14.89999962,16.84000015,0
21-03-2016,16.32999992,17.11000061,14.82999992,16.37999916,0
22-03-2016,16.43000031,16.86000061,13.69999981,16.32999992,0
23-03-2016,16.35000038,16.87000084,13.94999981,16.43000031,0
28-03-2016,17.48999977,18.56999969,15.18000031,16.35000038,0
29-03-2016,17.63999939,18.04000092,16.80999947,17.48999977,0
30-03-2016,16.80999947,17.63999939,16.56999969,17.63999939,0
31-03-2016,16.57999992,16.88999939,15.5,16.80999947,0
01-04-2016,17.28000069,17.89999962,16.29000092,16.57999992,0
04-04-2016,17.45000076,18.17000008,16.22999954,17.28000069,0
05-04-2016,17.82999992,18.05999947,16.88999939,17.45000076,0
06-04-2016,17.35000038,17.92000008,16.12999916,17.82999992,0
07-04-2016,16.93000031,17.42000008,16.34000015,17.35000038,0
08-04-2016,16.43000031,16.93000031,15.19999981,16.93000031,0
11-04-2016,16.01000023,16.79000092,14.88000011,16.43000031,0
12-04-2016,16.02000046,16.29999924,14.64999962,16.01000023,0
13-04-2016,16.04000092,16.12000084,13.55000019,16.02000046,0
18-04-2016,16.95000076,17.42000008,14.14000034,16.04000092,0
20-04-2016,17.07999992,17.52000046,15.43000031,16.95000076,0
21-04-2016,16.51000023,17.07999992,15.64000034,17.07999992,0
22-04-2016,16.37999916,16.86000061,15.34000015,16.51000023,0
25-04-2016,16.56999969,17.03000069,16.12999916,16.37999916,0
26-04-2016,16.57999992,16.81999969,15.64000034,16.56999969,0
27-04-2016,16.35000038,16.79000092,16.22999954,16.57999992,0
28-04-2016,16.60000038,16.77000046,15.31000042,16.35000038,0
29-04-2016,16.54000092,17.23999977,15.63000011,16.60000038,0
02-05-2016,17.09000015,17.65999985,16.54000092,16.54000092,0
03-05-2016,17.45999908,18.07999992,15.60999966,17.09000015,0
04-05-2016,17.45000076,17.78000069,16.27000046,17.45999908,0
05-05-2016,17.17000008,17.47999954,15.72999954,17.45000076,0
06-05-2016,16.95000076,17.5,16.05999947,17.17000008,0
09-05-2016,16.61000061,16.95000076,15.22000027,16.95000076,0
10-05-2016,16.42000008,17.18000031,15.02000046,16.61000061,0
11-05-2016,16.95999908,17.45999908,15.53999996,16.42000008,0
12-05-2016,16.32999992,17.17000008,15.96000004,16.95999908,0
13-05-2016,17,17.37000084,14.19999981,16.32999992,0
16-05-2016,17.03000069,17.77000046,16.17000008,17,0
17-05-2016,16.37000084,17.03000069,15.73999977,17.03000069,0
18-05-2016,16.45000076,16.96999931,15.98999977,16.37000084,0
19-05-2016,17.05999947,17.42000008,15.42000008,16.45000076,0
20-05-2016,16.43000031,17.05999947,14.97999954,17.05999947,0
23-05-2016,16.15999985,16.54999924,15.18000031,16.43000031,0
24-05-2016,16.21999931,16.88999939,15.68999958,16.15999985,0
25-05-2016,15.52000046,16.21999931,14.55000019,16.21999931,0
26-05-2016,15.32999992,15.52000046,14.47000027,15.52000046,0
27-05-2016,15.26000023,15.85999966,14.93999958,15.32999992,0
30-05-2016,15.97999954,16.44000053,14.77000046,15.26000023,0
31-05-2016,16.04999924,16.36000061,14.30000019,15.97999954,0
01-06-2016,15.84000015,16.10000038,14.72000027,16.04999924,0
02-06-2016,15.09000015,15.93999958,14.96000004,15.84000015,0
03-06-2016,15,15.39000034,14.05000019,15.09000015,0
06-06-2016,15.35999966,15.53999996,14.11999989,15,0
07-06-2016,14.86999989,15.35999966,14.39999962,15.35999966,0
08-06-2016,15.14000034,15.28999996,13.31999969,14.86999989,0
09-06-2016,15.67000008,15.82999992,13.97999954,15.14000034,0
10-06-2016,15.97000027,16.27000046,14.55000019,15.67000008,0
13-06-2016,16.57999992,17.07999992,15.65999985,15.97000027,0
14-06-2016,17.19000053,17.54000092,14.90999985,16.57999992,0
15-06-2016,17.05999947,17.62999916,15.42000008,17.19000053,0
16-06-2016,17.70000076,18.45999908,15.77999973,17.05999947,0
17-06-2016,17.35000038,17.89999962,16.04000092,17.70000076,0
20-06-2016,17.52000046,18.45000076,16.29000092,17.35000038,0
21-06-2016,17.26000023,17.70000076,16.38999939,17.52000046,0
22-06-2016,18.18000031,18.30999947,16.21999931,17.26000023,0
23-06-2016,18.02000046,18.82999992,16.98999977,18.18000031,0
24-06-2016,18.62999916,21.04999924,16.14999962,18.02000046,0
27-06-2016,18.53000069,19.72999954,18.37999916,18.62999916,0
28-06-2016,17.72999954,18.80999947,17.45000076,18.53000069,0
29-06-2016,16.15999985,17.72999954,15.90999985,17.72999954,0
30-06-2016,16.29000092,16.40999985,14.65999985,16.15999985,0
01-07-2016,15.73999977,16.36000061,15.64999962,16.29000092,0
04-07-2016,15.57999992,15.97000027,15.14999962,15.73999977,0
05-07-2016,15.35999966,15.69999981,14.82999992,15.57999992,0
07-07-2016,15.31000042,15.57999992,14.28999996,15.35999966,0
08-07-2016,15.07999992,15.81000042,13.90999985,15.31000042,0
11-07-2016,14.85000038,15.07999992,13.76000023,15.07999992,0
12-07-2016,14.77999973,15.02999973,13.81999969,14.85000038,0
13-07-2016,15.32999992,15.40999985,13.86999989,14.77999973,0
14-07-2016,15.60999966,15.92000008,14.15999985,15.32999992,0
15-07-2016,15.64000034,16.31999969,13.92000008,15.60999966,0
18-07-2016,15.98999977,16.20000076,14.10999966,15.64000034,0
19-07-2016,15.80000019,16.22999954,13.92000008,15.98999977,0
20-07-2016,15.98999977,16.20999908,14.14000034,15.80000019,0
21-07-2016,15.71000004,16.11000061,14.02999973,15.98999977,0
22-07-2016,15.5,15.96000004,14.43999958,15.71000004,0
25-07-2016,15.72000027,16.11000061,13.52000046,15.5,0
26-07-2016,15.61999989,16.14999962,13.94999981,15.72000027,0
27-07-2016,15.43000031,15.67000008,14.47000027,15.61999989,0
28-07-2016,15.14999962,15.53999996,12.59000015,15.43000031,0
29-07-2016,14.92000008,15.22999954,14.14999962,15.14999962,0
01-08-2016,15.18000031,15.47999954,14.35999966,14.92000008,0
02-08-2016,15.68999958,15.78999996,13.96000004,15.18000031,0
03-08-2016,16.23999977,16.45000076,14.30000019,15.68999958,0
04-08-2016,15.14000034,16.23999977,14.10000038,16.23999977,0
05-08-2016,14.35000038,15.14000034,13.61999989,15.14000034,0
08-08-2016,14.59000015,14.81999969,13.10999966,14.35000038,0
09-08-2016,14.53999996,14.96000004,12.35000038,14.59000015,0
10-08-2016,14.92000008,15.25,12.71000004,14.53999996,0
11-08-2016,14.21000004,14.92000008,13.17000008,14.92000008,0
12-08-2016,13.77000046,14.21000004,12.36999989,14.21000004,0
16-08-2016,14.18000031,14.64000034,13.14000034,13.77000046,0
17-08-2016,14.77999973,14.90999985,12.71000004,14.18000031,0
18-08-2016,14.55000019,14.77999973,12.90999985,14.77999973,0
19-08-2016,14.53999996,14.90999985,12.10999966,14.55000019,0
22-08-2016,14.23999977,15.01000023,13.27000046,14.53999996,0
23-08-2016,13.89999962,14.61999989,13.06000042,14.23999977,0
24-08-2016,13.48999977,14.03999996,12.39000034,13.89999962,0
25-08-2016,13.28999996,13.60999966,10.93000031,13.48999977,0
26-08-2016,13.56999969,14.21000004,12.35000038,13.28999996,0
29-08-2016,13.17000008,14.01000023,12.93999958,13.56999969,0
30-08-2016,13.02000046,13.17000008,12.28999996,13.17000008,0
31-08-2016,13.23999977,13.53999996,12.25,13.02000046,0
01-09-2016,13.34000015,13.68000031,12.53999996,13.23999977,0
02-09-2016,12.93999958,13.44999981,12.64000034,13.34000015,0
06-09-2016,12.75,13.18000031,12.35000038,12.93999958,0
07-09-2016,13.14999962,13.35999966,11.94999981,12.75,0
08-09-2016,13.11999989,13.22999954,12.05000019,13.14999962,0
09-09-2016,13.22999954,13.44999981,12.64000034,13.11999989,0
12-09-2016,15.23999977,15.34000015,12.69999981,13.22999954,0
14-09-2016,14.76000023,15.52000046,14.19999981,15.23999977,0
15-09-2016,14.68000031,15.07999992,13.43999958,14.76000023,0
16-09-2016,14.57999992,14.94999981,13.43000031,14.68000031,0
19-09-2016,14.93999958,15.19999981,13.64000034,14.57999992,0
20-09-2016,14.77999973,15.14999962,13.77000046,14.93999958,0
21-09-2016,14.81000042,14.94999981,13.17000008,14.77999973,0
22-09-2016,13.34000015,14.81000042,12.59000015,14.81000042,0
23-09-2016,13.25,13.59000015,12.02999973,13.34000015,0
26-09-2016,14.56999969,14.78999996,12.81000042,13.25,0
27-09-2016,14.25,14.56999969,13.77000046,14.56999969,0
28-09-2016,13.85000038,14.35000038,13.48999977,14.25,0
29-09-2016,18.45000076,19.12999916,13.14999962,13.85000038,0
30-09-2016,17.18000031,18.85000038,16.82999992,18.45000076,0
03-10-2016,15.61999989,17.18000031,15.51000023,17.18000031,0
04-10-2016,14.98999977,15.72000027,14.81000042,15.61999989,0
05-10-2016,14.93000031,15.14999962,13.90999985,14.98999977,0
06-10-2016,14.84000015,15.11999989,14.32999992,14.93000031,0
07-10-2016,14.48999977,14.97000027,13.77999973,14.84000015,0
10-10-2016,14.28999996,14.56999969,13.27000046,14.48999977,0
13-10-2016,15.43000031,16.01000023,14.28999996,14.28999996,0
14-10-2016,14.89000034,15.43000031,14.32999992,15.43000031,0
17-10-2016,15.65999985,16.04999924,14.35000038,14.89000034,0
18-10-2016,14.53999996,15.65999985,14.30000019,15.65999985,0
19-10-2016,14.60999966,14.94999981,13.14999962,14.53999996,0
20-10-2016,14.17000008,14.60999966,12.75,14.60999966,0
21-10-2016,13.82999992,14.35000038,12.43000031,14.17000008,0
24-10-2016,14.32999992,14.44999981,13.10000038,13.82999992,0
25-10-2016,14.47999954,14.81000042,12.84000015,14.32999992,0
26-10-2016,14.44999981,14.93999958,13.60000038,14.47999954,0
27-10-2016,14.09000015,14.81999969,12.75,14.44999981,0
28-10-2016,14.64999962,14.88000011,13.47999954,14.09000015,0
01-11-2016,15.73999977,15.89000034,14.31000042,15.48999977,0
02-11-2016,16.79999924,17.26000023,15.11999989,15.73999977,0
03-11-2016,16.46999931,16.79999924,15.48999977,16.79999924,0
04-11-2016,16.85000038,17.43000031,14.60000038,16.46999931,0
07-11-2016,16.51000023,16.85000038,14.93999958,16.85000038,0
08-11-2016,16.77000046,17.37999916,15.06999969,16.51000023,0
09-11-2016,16.62000084,22.79000092,15.84000015,16.77000046,0
10-11-2016,15.46000004,16.62000084,14.23999977,16.62000084,0
11-11-2016,17.36000061,17.70999908,14.17000008,15.46000004,0
15-11-2016,20.14999962,20.84000015,16.45000076,17.36000061,0
16-11-2016,19.5,20.19000053,16.89999962,20.14999962,0
17-11-2016,18.70999908,19.5,17.44000053,19.5,0
18-11-2016,17.80999947,18.70999908,15.85999966,18.70999908,0
21-11-2016,19.10000038,19.77000046,15.72000027,17.80999947,0
22-11-2016,18.46999931,20.12999916,17.95000076,19.10000038,0
23-11-2016,18.04000092,23.09000015,16.34000015,18.46999931,0
24-11-2016,17.15999985,18.57999992,16.63999939,18.04000092,0
25-11-2016,17.61000061,18.87000084,16.87000084,17.15999985,0
28-11-2016,18.05999947,18.61000061,16.81999969,17.61000061,0
29-11-2016,17.70999908,18.21999931,16.52000046,18.05999947,0
30-11-2016,16.85000038,17.98999977,16.04000092,17.70999908,0
01-12-2016,16.69000053,16.88999939,14.34000015,16.85000038,0
02-12-2016,17.93000031,18.19000053,15.82999992,16.69000053,0
05-12-2016,17.29000092,18.29999924,16.92000008,17.93000031,0
06-12-2016,17.11000061,17.36000061,14.96000004,17.29000092,0
07-12-2016,16.85000038,17.11000061,15.51000023,17.11000061,0
08-12-2016,15.52999973,16.85000038,14.15999985,16.85000038,0
09-12-2016,15.06999969,15.64000034,14.52999973,15.52999973,0
12-12-2016,16.19000053,16.30999947,14.22000027,15.06999969,0
13-12-2016,15.92000008,16.47999954,13.76000023,16.19000053,0
14-12-2016,16.59000015,16.67000008,14.43000031,15.92000008,0
15-12-2016,15.65999985,16.59000015,15.26000023,16.59000015,0
16-12-2016,15.25,15.65999985,13.44999981,15.65999985,0
19-12-2016,14.84000015,15.59000015,13.25,15.25,0
20-12-2016,14.53999996,14.93000031,13.39999962,14.84000015,0
21-12-2016,14.71000004,14.85999966,13.34000015,14.53999996,0
22-12-2016,15.55000019,15.69999981,12.76000023,14.71000004,0
23-12-2016,15.13000011,15.77999973,12.60999966,15.55000019,0
26-12-2016,16.60000038,16.90999985,13.43999958,15.13000011,0
27-12-2016,15.07999992,16.76000023,14.94999981,16.60000038,0
28-12-2016,15.53999996,15.63000011,14.26000023,15.07999992,0
29-12-2016,15.27999973,16.07999992,14.65999985,15.53999996,0
30-12-2016,15.47000027,15.57999992,14.52999973,15.27999973,0
